id,n,bri.B0,bri.T0,bri.Tm,bri.chisqr,bri.Rsq,bri.aic,bri.bic,bri.aicc
5,12,7.896249334108976e-06,-1.71542115400444,22047.70047030226,0.06521976817846382,0.9258007121576656,-20.52426695752775,-19.06954700816375,-17.52426695752775
6,8,0.00025786131654164155,11.406490362548292,37.05578531701036,0.008342835764826962,0.8934280349166276,-24.223332607297333,-23.985007982257827,-18.223332607297333
12,8,4.066124370191639e-05,-8.606285592795247,57.5767320637599,0.011680665249541079,0.8685303760031956,-21.531078577425358,-21.29275395238585,-15.531078577425358
14,10,3.55256790479958e-05,1.947530754960601,80245.12050054589,24.88085566353643,0.9487764456281343,45.49390632316139,46.40166160214353,49.49390632316139
16,10,0.001581996988910631,-14.18671890631878,99.34400485549375,25.057959621707273,0.9811717131657246,45.56483499844086,46.472590277422995,49.56483499844086
18,7,8.971108841313772e-07,-118.154995077995,159994.02037952904,0.06632951300891578,0.9848611550343136,-4.748073940424678,-4.910343493258739,3.2519260595753217
20,8,2.3185045803738223e-06,-44.982563856710634,456041.9303566579,0.2619858061095692,0.9802254469938676,3.351764583093015,3.5900892081325217,9.351764583093015
22,7,1.7641419176692942e-06,-185.71814590888653,60179.62832040702,0.09548450364102326,0.9872752687619375,-2.197770749928445,-2.3600403027625054,5.802229250071555
28,8,2.0945662645959153e-08,-26166.94262899126,57.79553166670192,0.002368830169846725,0.5672647357836527,-34.29538816149261,-34.0570635364531,-28.29538816149261
31,8,9.722195655197414e-08,-39.204474216022135,382329.1399029848,0.0009577378525218953,0.9463611918788026,-41.54000746467254,-41.30168283963303,-35.54000746467254
34,8,2.3219977317226293e-09,-182065.5502074871,152.99183831815373,0.00664720434148364,0.6254840437838416,-26.04098710203617,-25.802662476996662,-20.04098710203617
37,8,2.0362746102479777e-09,-653205.2677884264,40.302524262701915,0.010848692667465937,-0.8398921709186198,-22.122201384029072,-21.883876758989565,-16.122201384029072
40,8,1.6626694884041087e-09,-729502.9377363366,44.95246510753313,0.01105417827039035,-0.012073907710578258,-21.97209018994008,-21.733765564900573,-15.97209018994008
43,8,1.7367567784438953e-09,-247794.95079917318,336.4376230711143,0.012347726833166182,0.7617662180639755,-21.086782161695634,-20.848457536656127,-15.086782161695634
46,8,4.522966448922643e-09,-319201.12513706146,53.4786637834024,0.03380843526790451,-0.04406879821860965,-13.02887535008334,-12.790550725043833,-7.028875350083339
49,8,2.7781405004007564e-09,-1085597.4917689099,36.522057333270816,0.03837737956013096,0.05378371244092017,-12.014812337488795,-11.776487712449288,-6.014812337488795
106,25,0.00024514814873028405,-6.201724913046023,124.67077715345191,1.7972396074637649,0.96496004777363,13.131329448517649,16.787956923122252,14.274186591374791
108,6,1.2274387479217969e-06,-69.29016006806066,117880.24046817698,0.3767649850196359,0.6826554239905387,8.419903576118557,7.795181983802722,20.419903576118557
113,6,4.482650013704365e-06,-0.641337631309815,1510890.7997372022,0.17158670440864998,0.9933234048899782,3.700706132691211,3.0759845403753765,15.700706132691211
115,6,2.650752166611255e-06,-0.27245643208108994,1161779.7621831775,0.07011353266721589,0.9871111879376192,-1.6691311501432793,-2.293852742459114,10.33086884985672
145,7,0.00016898134514701097,-715.4476617229396,50.19616406569347,16.21635410624071,0.873895220023457,33.74591014175586,33.583640588921796,41.74591014175586
147,7,0.005393819873767602,-24.657624968255064,36.90682525759664,10.732956750340234,0.9616511850850977,30.857001966741258,30.694732413907197,38.85700196674126
149,7,0.0020385582583471976,11.405130693281373,43.26080505147525,2.076653072869111,0.9025045505695253,19.359070908457504,19.196801355623442,27.359070908457504
150,13,0.00023249548894195343,-15.21013086564477,77.9775503739416,0.5554968619367957,0.9788030962973054,3.9054600693594175,5.600308141744028,6.5721267360260835
151,7,0.00035778681677769926,-0.9288878876358171,69.25881511944411,0.12267404844484238,0.9924854470507819,-0.4438027547888215,-0.606072307622882,7.5561972452111785
152,14,0.002101445899504509,2.955357141956392,56.398237452345484,15.080251063972037,0.9473206888927802,48.770880472557465,50.68805246140324,51.170880472557464
153,11,0.002022473543212879,2.2488537846405334,55.75157244221506,14.257019008463965,0.9214343107175698,42.06954255159691,43.26322836999202,45.49811398016834
154,15,0.004644219952834342,18.55832397555642,53.38187844581105,42.724605708628935,0.8911255982752061,66.26902798519109,68.39317858849772,68.45084616700927
155,14,0.0009224608314092292,-3.8115112689653956,113.42746061942509,29.931833121593222,0.9431288069619402,58.36839225244208,60.28556424128785,60.76839225244208
156,22,0.004467626285449036,-0.39643203111545783,55.610446839472054,144.6460446959816,0.9309283508956089,111.86473460303397,115.13786196310892,113.1980679363673
157,22,0.004331790954901942,-1.357180823873526,55.51775230212332,193.50019842467887,0.9150667087018534,118.2664893213593,121.53961668143425,119.59982265469263
184,7,5.092215071388896e-06,-6.152847291734019,346619.6319985052,0.1553903903822772,0.9885748239257411,1.211065655090593,1.0487961022565324,9.211065655090593
185,7,1.857750878530627e-06,-8.214845609315873,871511.9815703686,0.09564652421359485,0.9796040248571302,-2.185903034964621,-2.3481725877986817,5.814096965035379
186,7,1.8554614908927422e-06,-3.0388209204743752,1131952.1569647281,0.10225882675742917,0.9789972970721988,-1.71796871622481,-1.8802382690588706,6.28203128377519
187,7,1.38474924849247e-06,-20.2406080424652,776910.7597464531,0.048439478435378255,0.9867332070460081,-6.94831247161834,-7.110582024452401,1.0516875283816596
188,7,1.8595381061318274e-06,-8.758288898954826,1127471.0558304489,0.06509685363212106,0.9896141933594254,-4.879385014197801,-5.041654567031862,3.1206149858021988
189,7,2.3636673989377693e-06,-15.09557190311925,1106913.1288060066,0.10336495227476823,0.9922488537379988,-1.642656869065629,-1.8049264218996894,6.357343130934371
190,7,2.3948383854920636e-06,-1.7074806425504532,1151433.6662118915,0.12847897331236446,0.9846764402461194,-0.12016171744658166,-0.2824312702806422,7.879838282553418
191,7,1.8249228940051855e-06,-10.317494767220941,989286.3194146672,0.06567224571945776,0.988858127728753,-4.817783754806452,-4.980053307640513,3.1822162451935476
192,7,2.0758087709379886e-06,-7.129631049144364,1304011.8394688915,0.07831797290406442,0.9913204232651371,-3.5850787217671787,-3.747348274601239,4.414921278232821
193,7,1.6508078127883714e-06,-8.996793365151216,1190780.9121578722,0.016680556600203685,0.9970473157100868,-14.410812171562359,-14.57308172439642,-6.410812171562359
194,6,2.4009820742370248e-06,-10.262649637553942,763224.3500898323,0.09433053190314966,0.9749092912063736,0.11100337756133527,-0.5137182147544994,12.111003377561335
196,6,0.00023666477748567565,2.470677717351444,47.75395263246915,0.015474833559395404,0.9682241392160476,-10.734535712434308,-11.359257304750143,1.2654642875656918
197,6,0.00033525456004969976,-1.622320271368494,31.86726992600144,0.005603158239706152,0.968588899889707,-16.829843629934402,-17.45456522225024,-4.829843629934402
198,6,0.00011237574715105933,-47.58976243112319,31.726883538841182,0.014358087314025506,0.8210292297938234,-11.183945934725124,-11.808667527040958,0.8160540652748765
199,6,5.165058425771601e-05,-147.0790246497612,31.553685288740883,0.011909425960622935,0.8744213843671791,-12.305844986174279,-12.930566578490113,-0.3058449861742787
200,6,0.00020306557984122538,-41.5918200886866,30.91325709719547,0.015635239066775025,0.9492962207660889,-10.672662403121507,-11.297383995437341,1.3273375968784933
207,9,4.884376775113793e-07,-10.842955905122011,462295.95630432916,0.0021544532214760365,0.9978664971650443,-41.49609241672207,-40.90441868471341,-36.69609241672207
208,8,3.406929303992598e-07,-45.742513141438984,223405.21397342443,0.0046091621728933,0.9832606239821187,-28.970189239991257,-28.73186461495175,-22.970189239991257
209,8,5.932722531379842e-07,-5.91581443053358,449253.9489531331,0.002933908299089033,0.9963000674588873,-32.583874636729234,-32.345550011689724,-26.583874636729234
212,6,1.925081929875624e-05,-93.23303778291546,144160.0097504097,120.32903150277475,0.7814008082876321,43.018085101535725,42.39336350921989,55.018085101535725
213,6,1.2025386862943594e-07,-270665.65476093965,189.96058458489597,13.160483724279134,0.8632546305737231,29.740017677402008,29.11529608508617,41.74001767740201
214,13,1.294132403521759e-06,1.7110771864813275,832779.5805456713,0.14591411729964665,0.9643087038597256,-13.47352166803094,-11.77867359564633,-10.806855001364275
215,15,2.145120845305578e-06,-21.68802684061658,341575.1340139518,0.08286160905505258,0.9948005694017243,-27.41134837380949,-25.287197770502857,-25.22953019199131
222,10,0.005430599910088835,-6.360819500619232,74.5054575086229,43.471460779430295,0.9736259418071944,51.073966221631046,51.98172150061318,55.073966221631046
223,6,0.000437856754844543,6.481098365774722,40.678165262035286,0.01130467676972378,0.9854362208506271,-12.618527009665911,-13.243248601981746,-0.618527009665911
224,6,0.00021695694974982775,-0.09410527939958621,94.66027154783353,0.05348507939948134,0.9785894229231736,-3.293409739151075,-3.9181313314669097,8.706590260848925
225,6,1.4805950656653543e-08,-181867.91795472722,172.61075758150554,0.0626855703184017,0.8280456457474368,-2.3410383946623075,-2.965759986978142,9.658961605337693
226,6,1.0122418468506216e-06,-63.50616285448203,99940.16502685881,0.04141703671142827,0.9238081815402633,-4.827672225098558,-5.452393817414393,7.172327774901442
229,8,0.049140257735573276,11.183770038484765,49.46300667280831,150.47889189344772,0.9771868835916041,54.178066767058866,54.416391392098376,60.178066767058866
230,8,1.1262351200588282e-06,-449130.66261907195,47.110385838358674,20.53503310384876,0.8691714004194361,38.24454307365047,38.48286769868997,44.24454307365047
231,8,0.021779930042655816,17.785732147031073,114.11613545209676,176.640159007315,0.9818082580099834,55.460401503960924,55.698726129000434,61.460401503960924
232,8,8.574081521469151e-07,-93273.22908198035,315.3688857267202,50.914947503160555,0.850503474791158,45.50873655427493,45.74706117931444,51.50873655427493
233,8,4.3389157911509355e-07,-1142278.3396196107,31.151352572347466,14.117047203972778,0.5091052763106682,35.246548907151805,35.484873532191315,41.246548907151805
234,8,0.0001110749482428679,-27.07840545435892,217697.85780367468,176.51007795114302,0.9430801841160207,55.45450798676892,55.69283261180843,61.45450798676892
235,6,8.380557908332826e-09,-1027145.2450238848,41.246155217885175,0.16744173516360403,-0.2996861149709551,3.5539865550858885,2.9292649627700538,15.553986555085888
236,6,1.569961912481937e-08,-834294.2851698094,45.30555399662903,0.16439209661198964,0.7710699752501979,3.4437003531759114,2.8189787608600767,15.443700353175911
237,46,0.0009620567860170473,-20.86034590657997,45.67476331166997,74.05516284179262,0.628636556533789,160.4461127444509,165.93203693391817,161.01754131587947
238,16,0.0005962270462315849,-25.984864377507797,43.040953978917145,3.0231638572227233,0.8172915577202394,26.745476192190324,29.06324235890967,28.745476192190324
239,35,0.003919694261350988,8.176527457879859,41.42493820885213,21.13757030297353,0.945331173534428,89.67533657928651,94.34138076375476,90.44953012767361
240,6,7.69291440391086e-06,10.25563414557207,1801550.3378399224,0.8722737175782781,0.9935788138587743,13.456793534950156,12.832071942634322,25.456793534950158
248,6,1.4843694250181653e-06,-1561.1339759368248,27875.54502923785,1.3183619576904686,0.97893541521755,15.93504573218565,15.310324139869815,27.93504573218565
254,12,0.29627118,2.0,,,,,,
255,7,0.59728813,7.0,,,,,,
261,8,0.002505020620188649,20.046740323164304,36.30236445181201,0.30516339692669714,0.9178089902449847,4.572220852259878,4.810545477299385,10.572220852259878
262,8,0.0005373045735963132,13.46930929002763,37.983501165341444,0.08852624818639857,0.832309044329594,-5.3281652522875795,-5.089840627248073,0.6718347477124205
263,8,0.005630048285905534,16.752558071443456,38.12792216690633,0.6863291785745651,0.9852961224703068,11.056300884244349,11.294625509283856,17.05630088424435
264,7,0.0012012430369517301,7.788353080194581,36.34196471794882,0.18006432935402494,0.9280056412779627,2.242680675007305,2.0804111221732446,10.242680675007305
265,8,0.0019251041367484797,19.16160459969248,36.710977363038566,0.3983837210498715,0.8545070990725812,6.7047672784351535,6.94309190347466,12.704767278435153
267,6,0.00374354502291924,-46.401927250967866,43.8301133445042,2.894307354981695,0.9589426009567944,20.653180543763646,20.028458951447814,32.653180543763646
268,6,1.0985457149200354e-07,-1546056.6133139373,49.836792419809264,2.112515784873273,0.7041043542101509,18.763982897191557,18.139261304875724,30.763982897191557
270,9,8.222622437291548e-08,-1271670.8071474666,47.72020077864231,6.478124927243841,0.5344046278412344,30.58175235035673,31.17342608236539,35.381752350356734
272,10,2.7743375417324474e-08,-2091288.0078306661,51.274714688566455,7.040498741784299,-0.3935791727330802,32.869709850793846,33.77746512977598,36.869709850793846
273,10,4.038375082639839e-08,-3553001.2203695397,47.35633384181609,21.678531866368548,0.8226156858696924,44.11614429352821,45.023899572510345,48.11614429352821
293,6,0.002629754204614735,1.4392145263601623,38.146330956139685,2.0287617541829825,0.9077753372144052,18.52125938490024,17.896537792584404,30.52125938490024
303,23,2.3589374737012387e-05,-253.5878230515819,4881.743468831233,30.219501213892322,0.871222407827636,79.55001694652601,82.95649959431347,80.81317484126285
306,6,5.245342396890738e-06,-73.38602893974203,24404.33377731844,2.584543395606254,0.5780616969046937,19.973998720463456,19.34927712814762,31.973998720463456
307,6,1.7638028244353978e-06,-4.654514140494258,593201.0766593909,0.4648607018638834,0.7946562709471329,9.680600678141392,9.055879085825557,21.680600678141392
308,24,9.338762476908497e-07,-305.0901076519395,22914.476765491603,3.9112956969819477,0.42633680847860944,32.568606451199294,36.10276794224313,33.7686064511993
320,11,0.00015234055091207805,-4.829143088335103,140.0496194355647,0.015563028435830722,0.9904401846253685,-32.95162891607357,-31.757943097678456,-29.52305748750214
321,16,2.0263888024949684e-06,-11.851283366147044,176448.4985358537,0.06215722580791357,0.9515157866865929,-35.40479775374309,-33.087031587023745,-33.40479775374309
343,9,0.00010131682702472005,-11.558269557925135,379784.6555683956,340.68069076545135,0.9396382136523932,66.24438323256643,66.8360569645751,71.04438323256643
378,6,1.8943487443028013e-05,3.5335319469535684,625370.0188868043,5.6738575364975325,0.932232692332673,24.691920950765127,24.067199358449294,36.69192095076512
380,6,0.0026827025274073026,-0.06777062738534798,32.54939258253693,0.2194669187678183,0.9860101529405482,5.177382965553766,4.552661373237932,17.177382965553768
382,6,1.876925090816045e-05,-1.2018201141809377,468587.96504100563,15.314697521696814,0.849202419941459,30.64958352086267,30.024861928546834,42.64958352086267
387,6,0.012150802316906928,-13.179149833997075,47.62041630476071,65.13365539336147,0.9822699337162106,39.335353956418864,38.71063236410303,51.335353956418864
390,6,0.00381739302619055,-19.099586519510837,68.95552817201938,7.884950448226051,0.9946691484599866,26.666441199607185,26.04171960729135,38.666441199607185
393,6,0.00368905856236476,-24.455652232146626,61.59674039195462,0.9937999888346848,0.9991263173291307,14.239389716794408,13.614668124478573,26.239389716794406
396,6,0.004357745067858057,-7.741094625626919,54.539070087311735,6.338374937385794,0.9906564822974099,25.356440082504598,24.73171849018876,37.3564400825046
399,7,0.00020910256882783105,-118.4959685405568,4089.083610570497,81.08435223273129,0.9863072075577461,45.01219841024954,44.84992885741548,53.01219841024954
402,6,6.463432577157902e-05,-55.132388528845816,114917.6421378202,47.02964163145387,0.9887604597603851,37.38137403866216,36.75665244634632,49.38137403866216
405,7,9.889443224462846e-05,-237.25007802478336,3553.066151420707,97.11911869303793,0.9704644614681265,46.27533619147938,46.11306663864532,54.27533619147938
408,7,0.0022517239165158647,-60.62708923268864,63.568732288798856,27.325438385720066,0.9808319750429974,37.39849496276821,37.23622540993415,45.39849496276821
411,7,0.004503300362578951,-128.93508311614931,49.80550320783252,221.8266469466231,0.9530677299241272,52.057041872053176,51.894772319219115,60.057041872053176
414,6,0.011032669219098637,-17.362688598253502,43.52764216509873,56.33616824801205,0.9695371817896683,38.46472607659553,37.840004484279696,50.46472607659553
417,6,0.010555069911790596,-13.940986668808522,44.14250279833044,6.2415126387585484,0.9963842746105962,25.26404096146109,24.639319369145255,37.26404096146109
420,6,0.00831854543819807,-19.859568399541203,44.830837489891955,54.71892129143973,0.9641388517515166,38.28996294236026,37.665241350044425,50.28996294236026
423,6,3.761054653637964e-06,-43940.45908011862,169.44162879076367,61.95451978936525,0.9788594304326729,39.03510896756716,38.410387375251325,51.03510896756716
424,11,6.507330353055668e-09,-2064177.7868163227,48.66218094885739,0.37435818111895447,0.44656023815238943,2.0318351299100943,3.2255209483052063,5.460406558481523
425,11,1.6496015650338274e-08,-725204.3351289566,42.8245704436579,0.649172413533002,0.48950206018499554,8.087173419837494,9.280859238232608,11.515744848408923
426,12,0.00023597617022162533,-8.337699819347572,45.77798903496862,0.4323892960222749,0.7509293890090137,2.174497619513076,3.6292175688770776,5.174497619513076
427,12,1.4060275514555775e-05,-591.8064229092812,41.593895346868145,0.21134256426216458,0.6922517244425987,-6.415654216859572,-4.9609342674955705,-3.415654216859572
428,12,3.374916003352927e-05,-224.0560278756841,40.529759556697975,0.35773217358511405,0.3812138918316227,-0.1000032930124295,1.354716656351572,2.8999967069875705
429,12,1.8662647213866637e-08,-849615.5850385944,39.886543033101695,0.8242322224393989,0.46142853287995755,9.916009414312693,11.370729363676695,12.916009414312693
430,13,4.400346512867759e-05,-309.05031380991056,50.24635464440651,0.294306548853482,0.906061478965769,-4.352673615581919,-2.6578255431973083,-1.6860069489152525
431,13,4.187085573749917e-09,-2802298.0699194726,45.522831124752756,0.17807445147818377,0.8648722382748105,-10.88413592598025,-9.189287853595639,-8.217469259313583
432,12,0.00010620997385272558,-73.00296961737946,54.300406151080644,0.5654264270461616,0.8026848338075747,5.393543866986177,6.848263816350179,8.393543866986178
433,13,1.8249712420090454e-09,-2695048.319408401,45.705481316834685,0.03199043433283357,0.8786501156412616,-33.20207830727513,-31.50723023489052,-30.535411640608462
434,13,9.105151140315904e-05,-77.68737431506052,40.72945670398204,0.1643212820825124,0.8181485132570849,-11.929052279920228,-10.234204207535617,-9.262385613253562
435,13,3.1545611097873253e-09,-1764602.8040063938,50.6292767699821,0.10923959180260262,0.6308592596008591,-17.23669213179991,-15.541844059415299,-14.570025465133243
436,10,0.0002697535682824022,-16.383429025430807,39.63831294419794,0.15489154346856812,0.8421837694908774,-5.297381531232013,-4.389626252249875,-1.2973815312320127
437,10,0.00035637354450480414,-10.804033418077573,40.52000836991136,0.1574241391873269,0.9110513825254355,-5.135196192881185,-4.227440913899048,-1.1351961928811853
438,10,0.0002120163608007613,-46.0652830622119,40.64865265845703,0.09306050697861137,0.9473802275550666,-10.392134112970098,-9.484378833987961,-6.392134112970098
439,10,0.00019154099429633274,-13.65525114774343,38.98650189496866,0.04719839985750908,0.8882543368830922,-17.181033148739505,-16.27327786975737,-13.181033148739505
440,10,0.00019404287626297707,-31.391691302744235,38.743805978324296,0.07044561501160702,0.9091944388757373,-13.17622311719878,-12.268467838216644,-9.17622311719878
447,6,6.038551214788823e-06,-546120.4716892771,66.78165880524868,548333.6023315354,-0.48005931020670034,93.5645404476134,92.93981885529756,105.5645404476134
448,6,0.041795240529532776,-48.81427518013529,43.817756112457865,33729.38277366389,0.32178754145979926,76.8334533562277,76.20873176391186,88.8334533562277
449,6,0.00027023200208487396,3.0694494333748206,886864.2432246095,9499.59545690967,0.9097393278184039,69.23073254228018,68.60601094996434,81.23073254228018
450,6,3.3476718745219324e-06,-327698.1640676597,72.07380929740918,24728.527124604363,0.17808122357065104,74.97098238606932,74.34626079375349,86.97098238606932
455,6,185.62158,12.369493499999999,,,,,,
456,6,4.037898214113317e-06,-206052.88096531705,150.5999969123174,68302.93741734372,-0.03936657903217555,81.06695389633971,80.44223230402388,93.06695389633971
457,6,0.03929881557227284,-38.889343824933874,55.47760573777602,37334.63598812612,0.691332673984542,77.44276610432465,76.81804451200881,89.44276610432465
458,6,0.02190807446019692,-5.3648881990777975,157.61929422561198,27224.934195129248,0.8082744372868285,75.54803676742632,74.92331517511049,87.54803676742632
462,12,0.0015999465745669217,12.477664137629827,61.662034741601154,6.071960828820937,0.9628373168886776,33.879824066929025,35.33454401629302,36.879824066929025
463,12,0.001727044474313582,11.851261967047407,61.34982058959305,3.3091891512924247,0.9815533696323502,26.596083279228246,28.050803228592248,29.596083279228246
464,13,0.0020850042760376876,-0.47123212278874593,61.53810053591334,4.6107399258941,0.9901012564188103,31.417108748920047,33.11195682130466,34.083775415586715
465,11,0.0024569022577202535,2.7529226622132894,61.199696864243954,4.951949210553173,0.9890705059092051,30.437393798493794,31.631079616888904,33.865965227065224
466,13,0.002631942939527696,12.077328011554822,62.80499693505676,6.109125234484154,0.9893180300285763,35.07524693123539,36.77009500362,37.741913597902055
467,11,0.0025393606715863964,11.652256385488284,63.17323402243567,4.914800890707888,0.9884051961593703,30.354563394371667,31.548249212766777,33.7831348229431
468,13,0.0031250918999981806,-0.7926729541438801,65.39783203459007,37.5360691952526,0.9763357499347035,58.67699032310475,60.371838395489355,61.34365698977141
469,11,0.0031283047013682935,-0.9933912456374127,65.08151474116832,21.67597289812864,0.9805621034177797,46.67804821096764,47.87173402936275,50.10661963953907
470,12,0.011987325302871237,-9.304086446500305,56.376127580783475,1040.9344454226214,0.8952625474066438,95.61013412667968,97.06485407604369,98.61013412667968
471,12,0.022572918888226243,-16.686328511042255,52.27094179819281,1164.1187484979698,0.9673610539602403,96.95228068783071,98.40700063719471,99.95228068783071
472,10,7.600395925145905e-05,-65.52861718122413,107267.95486258114,1226.3711803669453,0.920258556064805,84.47106801322153,85.37882329220366,88.47106801322153
473,10,0.011725568850143099,-26.75873424827851,53.91159049263562,582.6646787684655,0.9463740498469562,77.0290382923225,77.93679357130463,81.0290382923225
474,9,0.01878020767513561,-11.367596675423473,54.81644107750667,912.1138851715406,0.9414753121426126,75.10775610898644,75.6994298409951,79.90775610898643
475,8,0.010522463578819866,-12.86055062664421,73.15162592883614,1244.7568424988954,0.8971929787874425,71.08104805858859,71.3193726836281,77.08104805858859
476,8,0.01947312416662459,-12.579335044890417,41.81380070239701,1593.3731734334604,0.7226728348741773,73.05635252384994,73.29467714888945,79.05635252384994
477,8,0.027816815980671757,-12.88402471849987,37.52831776462363,1319.268580370868,0.8357094412885673,71.54614624765551,71.78447087269502,77.54614624765551
478,8,2.786961119320297e-05,-982.4974698330199,9438.265848244186,1278.0804814797896,0.7477461663954132,71.29240105790402,71.53072568294353,77.29240105790402
486,12,1.3790270576527174e-05,-52.23787245487662,134729.8783441235,0.20868236330188045,0.9895706619481798,-6.567658711198099,-5.112938761834098,-3.5676587111980993
488,11,1.602610303359259e-05,1.6870158140890237,367910.904764756,0.9344679063677511,0.9706762510125941,12.094241776119517,13.28792759451463,15.522813204690946
490,14,2.7992654214373798e-05,0.6548650025840318,115074.45012658769,1.0865049600604524,0.9801693899474007,11.945001517394036,13.862173506239811,14.345001517394037
506,7,7.622942110841607e-06,-54.221208799846124,237490.73562909022,20.284489942345587,0.7256416323445162,35.31276428386626,35.1504947310322,43.31276428386626
507,6,0.00260941983405113,-24.26221892110777,49.73863207816078,43.74658588992015,0.7788552101864957,36.94718702082835,36.322465428512515,48.94718702082835
508,9,8.998743672240521e-07,-1051733.451545152,45.35572541461376,116.07246130184461,0.8850045913613592,56.55380436396676,57.14547809597542,61.35380436396676
509,9,2.5925195911031396e-06,-279882.3809102947,59.05434277396938,352.38302590079576,0.8658032488797313,66.54834093353949,67.14001466554815,71.34834093353949
512,9,1.9376039860725587e-06,-446295.6334255796,48.36910520464198,80.9027156245499,0.92582593214922,53.30509892220293,53.89677265421159,58.10509892220293
513,9,2.2861094475517226e-06,-282927.23240648984,68.75056801518161,283.21513211409825,0.9215451141440091,64.58173353864349,65.17340727065215,69.38173353864349
516,9,0.012200769147059276,-55.24953600381742,50.9088469220025,193.06625947427952,0.9621297673121982,61.13317339157937,61.72484712358803,65.93317339157937
517,9,7.4728527705872755e-06,-92588.51252907465,72.70847882673597,224.06205195183904,0.94407394156118,62.47317968187202,63.06485341388068,67.27317968187202
520,362,2.735618181571463e-07,-32737.40012559853,121.50775105886808,31.122702170540222,0.6482530248147728,147.06967784854578,158.7446104840231,147.13671695469102
521,10,0.0004801472337593503,-21.969603636556855,427965.93767343287,1408.2664686642765,0.9936059912129721,85.85406745539834,86.76182273438047,89.85406745539834
522,6,0.14136716875343627,-2.220150906179287,121.99315951424474,7064.118861075328,0.9943094571510003,67.45340699381941,66.82868540150358,79.45340699381941
523,42,2.8412547874190698e-06,-62.97209383599843,135094.44795125237,1.9081154160121616,0.9249247153082365,-2.654412584409876,2.55859627044023,-2.0228336370414546
524,637,0.001973525007194303,-0.39488745170484174,16.720469618718283,75.75283783893153,0.2140444069611065,459.3675734036606,472.73788237037706,459.4054880956037
525,464,0.005577425277184707,-3.296582032269869,10.490352601542531,44.161177965438796,0.2226191002104121,233.42910610250647,245.84875975918524,233.48128001554994
526,287,0.0036189133527602326,6.380048750393295,19.046510586538982,92.18064760140693,0.14852304387520698,496.51563317220507,507.49407981948394,496.6004388259153
527,406,0.003552359038856432,-3.6896592455863324,11.68387572815181,18.809226803940398,0.01067058060217807,-87.0561938617027,-75.0371343828975,-86.99649236916538
528,593,0.0018898386871947217,8.117704887885411,20.477506926600082,56.94607552016127,0.13983746032380373,301.40895426746965,314.56453746446283,301.44970129633214
529,380,0.0036979888002355763,-3.0225781374248144,12.571294300846962,18.481213947625463,0.36748939624124455,-62.504984330413436,-50.68447057225214,-62.441154543179394
530,539,0.0015878542101056018,4.006389369626346,21.302659972179278,154.33609992701076,0.14631921387152536,863.5515667125519,876.4207134252789,863.596426525636
531,11,6.809500761865214e-07,-451330.7059220045,32.50095722738926,210.74228346096723,0.5230579477708954,71.69679552681802,72.89048134521313,75.12536695538945
532,10,0.006850869485489788,-12.779119757564715,42.70920436456172,177.02915793151058,0.7988624731584513,65.11606426498292,66.02381954396506,69.11606426498292
533,7,0.0061862186976827625,-11.96909407737676,51.438138742920565,8.723505238450763,0.9906891807723702,29.405916359732885,29.243646806898823,37.405916359732885
534,7,0.003883535254627036,-45.05572545656623,39.133012693003806,33.97626284793209,0.8911910371399614,38.9234033263226,38.76113377348854,46.9234033263226
535,78,0.0027064691495634102,-1.9146150632856391,61.045340096953275,218.87501796083316,0.6752852115608678,309.8341907660722,316.904317246141,310.1585150903965
536,8,1.1479824185863305e-05,-17.93371852826763,777365.4157370206,4.138970111779303,0.985599206805744,25.431060130790563,25.66938475583007,31.431060130790563
537,7,0.0005477155263379945,-103.71999912815629,51.050626617465674,1.7009267859142851,0.96135654590111,17.961981316356223,17.79971176352216,25.961981316356223
546,11,2.6438755855213678e-05,-13.98719154604158,204076.15598174854,10.692213903763072,0.9844581282095745,38.90447357416271,40.09815939255782,42.33304500273414
547,10,1.686039209894326e-05,-13.880201267562496,1025043.3217461164,10.794868354188232,0.9873732049185413,37.14362842234827,38.05138370133041,41.14362842234827
557,6,6.4979879090222285e-09,-2064214.7207398547,66.04244990654759,0.017557085300862633,0.9915715005601978,-9.977080555092593,-10.601802147408428,2.022919444907407
560,6,0.00048674848400452484,-17.889883854977935,44.25721032551027,0.008537957997496782,0.9968628737420853,-14.3026948777311,-14.927416470046934,-2.302694877731099
562,6,2.6221115553879454e-08,-500210.8811756511,66.42824029256725,0.2164902822996928,0.9067342077391815,5.095447875095301,4.4707262827794665,17.095447875095303
563,6,0.00046699711411860647,-17.51693116919975,45.391221590208175,0.6031419901983921,0.8267056081676276,11.243089761036533,10.618368168720698,23.243089761036533
564,65,4.897605702035079e-05,-111.15778500991111,4533.064811627792,122.44867863877626,0.7104612136250934,233.62681627375017,240.14997808343708,234.020258896701
565,24,0.012852740391835947,3.5078732141011435,21.797304104361757,60.14215585809882,0.01242647929575802,98.15682224729214,101.69098373833597,99.35682224729214
566,12,0.048135000368429826,13.457542213039932,20.228409703818844,7.642957936289113,0.06178879073329191,36.64106131168053,38.095781261044536,39.64106131168053
567,21,3.4522139147512705e-05,-15.905622475956578,95557.91170212372,8.19044455939652,0.9304880988624837,47.82277892252134,50.956346235691605,49.23454362840369
568,7,0.06162749824249995,14.285807844593437,20.07387848040019,4.303283907626674,0.08584796328587918,24.459417436221038,24.297147883386977,32.45941743622104
569,23,0.013978174846374085,11.62315302713312,24.498055693601312,19.383949967198493,0.2558278589278574,69.33704981559433,72.74353246338177,70.60020771033116
570,32,2.2021177358294585e-07,-29415.408335252414,105.38712739080643,1.055619716818283,0.47519051991618444,-10.35938664362357,-5.96217893522439,-9.502243786480712
571,31,0.0001717797478720536,-59.06280269644965,43.97910953119662,1.7860550136987787,0.43013949475768953,7.50087354605666,11.8028351595121,8.389762434945549
572,24,2.3482441421447709e-07,-70919.69495163155,37.73472326365631,1.5021493548522096,0.3080502379186245,9.6012853226759,13.135446813719737,10.801285322675898
578,12,2.4261184994694555e-05,-110.94445593440399,197.63413713456285,0.5365341468795704,0.7116106738949607,4.76414414212106,6.218864091485061,7.76414414212106
579,12,0.0007651114488140117,1.3254842068621986,43.05247607532545,1.779441420202726,0.7253057647599213,19.151239073625888,20.60595902298989,22.151239073625888
580,12,0.00043020099657490533,-5.287569930687333,42.57423256177383,0.8282347879038618,0.649999769254241,9.974141745190606,11.428861694554607,12.974141745190606
581,12,0.00046766609630059347,-0.7794541965109524,42.1770355632549,0.44992051084348933,0.7995464321395914,2.6514327467649625,4.106152696128964,5.6514327467649625
582,12,0.0004396182201099487,-6.711105356348931,54.32991568618314,0.8752029426295309,0.8555267543564539,10.636051178455272,12.090771127819274,13.636051178455272
583,12,2.445614165047192e-07,4.360077611964415,162250.78040764245,0.00035347932356969656,0.9335235071489343,-83.13658177991208,-81.68186183054807,-80.13658177991208
584,10,9.340679859386983e-10,-474321.95956488245,23.012878181470782,0.00023060994505580504,0.008270288573651752,-70.3949085077576,-69.48715322877547,-66.3949085077576
585,11,4.876414244480109e-09,-487960.51016495354,18.53896794159517,0.0022003497874044527,0.6756131876949127,-54.4707285770743,-53.27704275867919,-51.04215714850287
599,6,1.5440534504411683e-08,-864540.5865040006,44.7960083133201,0.16431893105606118,0.7709797714784463,3.4410293546034865,2.816307762287652,15.441029354603486
600,6,0.5219298,5.0,,,,,,
605,19,3.1343614366026945e-07,3.3312885576779294,1726606.6964258617,0.01644227027202603,0.984817921484576,-72.07477262755765,-69.24145569005833,-70.47477262755766
606,19,3.1904147723137974e-07,-4.092080122606243,1287091.1262041137,0.021642112549345328,0.9800159887694156,-66.8538462818535,-64.02052934435419,-65.25384628185351
607,19,1.9413564320067382e-07,-18.213778968674394,609722.625900613,0.00679769671532447,0.9768031680043872,-88.85693375012657,-86.02361681262725,-87.25693375012658
608,19,1.4258117874959537e-07,-64.8718431155984,171616.68944615862,0.002047100961044361,0.9829007068000297,-111.65995873136441,-108.8266417938651,-110.05995873136442
609,6,1.9866478673434687e-06,-970.9982897050442,8506.953681774003,6.376400962498387,0.5541732593556601,25.39232853743374,24.767606945117905,37.39232853743374
610,6,0.0014467991460127185,-8.949499752205067,32.36192440489786,5.218493100774137,0.5280142589957759,24.18995767632621,23.565236084010373,36.18995767632621
611,6,1.6583454536018218e-08,-1385273.4071152362,39.39412307205654,0.19814417079427324,0.8227437135869364,4.564143315538317,3.939421723222482,16.564143315538317
612,6,2.2356780222697948e-08,-916583.3029602752,39.87663009480707,0.37371485673699917,0.7124368713519796,8.37113245811443,7.746410865798595,20.37113245811443
613,6,1.8857912566299417e-07,-541488.9608868661,41.9793436798126,5.935236549695057,0.8090840733451212,24.962146887074514,24.33742529475868,36.96214688707451
614,6,1.3076720355702752e-07,-472938.4403354013,48.01859956861311,14.086098237119812,0.14245564832490432,30.147835805458655,29.52311421314282,42.147835805458655
627,6,0.008663153801506474,-9.881455086632801,26.33401279673585,7.691012523471378,0.9233294164163462,26.51702023749786,25.892298645182024,38.51702023749786
628,6,0.004239450690629392,-29.935034175054998,27.674242982930235,3.8663109275503027,0.9513573507035986,22.390510405384944,21.765788813069108,34.390510405384944
629,6,9.259594510735662e-07,-230786.5398493504,55.04188677741393,11.89053488169434,0.9760999688495916,29.131161756301523,28.506440163985687,41.13116175630152
630,6,0.009535635283793519,-11.834203689551108,27.278162561081285,4.102871644230241,0.9753555366255445,22.74682836054191,22.122106768226075,34.74682836054191
631,6,1.0034001407285388e-06,-222253.0270735185,44.08990268992679,10.176159932852793,0.9709815407171493,28.196991921964432,27.572270329648596,40.19699192196443
632,6,0.012921804526295195,-4.863056863189312,26.786785562759242,3.2026012735064757,0.9825321268685571,21.260485848410813,20.63576425609498,33.26048584841081
633,6,5.302348331797778e-07,-348112.1207485222,43.67564333470341,8.066588666082406,0.9648837567028336,26.80308963281093,26.178368040495094,38.80308963281093
634,6,3.5474378688761195e-07,-473631.44293841516,40.00450404835814,15.407498740859948,0.8960930422348091,30.685831515878043,30.061109923562206,42.68583151587804
635,6,3.489770896685007e-07,-142909.50520628487,108.06758540803912,2.7650021485351197,0.9636924449928962,20.378954055214077,19.754232462898244,32.37895405521408
636,6,0.0023625130061966735,-8.436986517108217,52.56957404453347,0.43258094097898875,0.9942049090659546,9.248790643001257,8.624069050685423,21.248790643001257
639,6,0.0004347530087571172,6.629812233540283,40.89375464163013,0.011924615543532307,0.9847057002215052,-12.298197310493329,-12.922918902809164,-0.29819731049332887
640,6,0.00022063199989959929,0.5584172876349136,94.96073408902822,0.05367473255557338,0.978624408612593,-3.272171924267388,-3.896893516583223,8.727828075732612
641,6,1.4339700147659075e-08,-199037.57593220286,157.70057652743807,0.05793658422712711,0.8370450880584439,-2.813731868918323,-3.4384534612341575,9.186268131081677
642,6,1.406592753733213e-06,-54.46652723662615,63998.504265720585,0.04380425744034119,0.9239406911363245,-4.491440003847787,-5.1161615961636215,7.508559996152213
647,6,4.64805846864291e-07,-129205.86998681125,50.377156856752435,10.152336834096843,0.6904520174001714,28.1829290367831,27.558207444467264,40.1829290367831
648,6,0.0009219045821700229,-22.135645304071357,53.3135221358906,0.23166843903153525,0.9917243522542567,5.502017153374437,4.877295561058602,17.50201715337444
655,9,7.33568518152729e-07,-8.755035817604327,216017.27630070673,0.003322891241716369,0.996731784666188,-37.59640777015277,-37.004734038144115,-32.79640777015277
656,8,8.804702595707765e-07,-32.47420263984915,45311.00368045947,0.005774411201714499,0.9800847159145968,-27.167067675646024,-26.928743050606517,-21.167067675646024
657,8,8.071893931121834e-07,-2.7344398683290754,273620.00222929224,0.003145464775048667,0.9961452565194819,-32.02686474247605,-31.788540117436543,-26.02686474247605
799,11,1.1380771762880574e-06,-23.59205508581781,664589.9853742322,0.17100962526200764,0.9589693386426543,-6.5865900660777115,-5.3929042476825995,-3.158018637506283
800,11,2.4723685092590653e-06,-13.135360000097334,800757.0190642653,0.24911761175473365,0.9863262250200345,-2.448332004635459,-1.2546461862403469,0.9802394239359695
801,11,2.240629743685236e-06,-14.32062049311155,787730.6227268573,0.3916920514511727,0.973490320391832,2.5297270891997954,3.7234129075949074,5.958298517771224
802,11,2.230197690819392e-06,-20.6778028788561,571495.3588744693,0.05995663813277632,0.9954753673347377,-18.115670704288622,-16.921984885893508,-14.687099275717193
803,11,2.149168927100682e-06,-15.792375188286336,912769.6904416556,0.23467016522610376,0.986041015076159,-3.1055176029423706,-1.9118317845472586,0.3230538256290578
838,6,5.714103179942531e-06,-0.24641251831911273,453393.5487552382,8.587085796991005,0.5419707545814947,27.178262121916717,26.55354052960088,39.17826212191672
839,6,1.2032787489799921e-05,16.508596321051776,525950.1833627708,1.7694859593792067,0.9184763892474737,17.700840098945616,17.076118506629783,29.700840098945616
840,6,2.2799854884840968e-06,-9.191559054614958,515261.1466838483,0.6753314895260281,0.8141661902141595,11.921395904706937,11.296674312391103,23.921395904706937
841,6,1.4031504841959608e-06,-141.08432961198844,89051.03133164292,2.0729376006608313,0.36433361326777136,18.650505975189255,18.025784382873418,30.650505975189255
847,14,0.0003197061256676815,-6.48870297926197,41.107632139315484,0.017643621848412477,0.9928264978763316,-45.73985669471894,-43.822684705873165,-43.33985669471894
848,14,8.459453522003329e-05,2.013346435760133,42.71260332128091,0.0015766088082331902,0.9887176822306215,-79.55123055989114,-77.63405857104536,-77.15123055989113
849,14,6.322076274715334e-05,7.131362577736677,42.62710298969822,0.0011627908905221713,0.9793098678638044,-83.81357481246178,-81.896402823616,-81.41357481246177
850,13,8.87438572157149e-07,-68.56598845958058,280095.27730804944,0.2825504393515502,0.9186319433764265,-4.882616357106226,-3.1877682847216153,-2.2159496904395595
851,13,5.469915102292527e-05,4.531651711411177,101.68455015664442,0.0008712250987827013,0.9977959791532721,-80.04487208886637,-78.35002401648175,-77.3782054221997
902,6,0.00043463301150948496,-32.0455799398711,74.48718628898602,0.08184309139308628,0.9952351568178346,-0.7410027235034189,-1.3657243158192536,11.258997276496581
903,6,2.223481330956254e-06,-141.38681971115142,123528.71721791461,0.23576465455496123,0.973714946077899,5.607178395209669,4.982456802893834,17.60717839520967
