id,n,sch.B0,sch.E,sch.Th,sch.Eh,sch.chisqr,sch.Rsq,sch.aic,sch.bic,sch.aicc,sch.Rsq_log,sch.aic_log,sch.bic_log,sch.aicc_log
5,12,0.20560142794186193,0.6451446801502037,304.86613781392816,99.99999910655853,0.07684054712977756,0.9478076723677908,-22.74609553898783,-20.80646893983583,-17.031809824702115,0.945834047579397,-14.617002250152039,-16.55662884930404,-10.842343135018325
6,8,0.07020441254882435,0.8212533264997454,298.01357179179263,0.11674581452849238,1.2884797374320782,0.21754042891929337,-6.2743584529063945,-5.9565922861870515,7.058974880426939,0.0791465383137323,18.412954566826926,18.09518840010758,31.428521733440917
12,8,0.043393036007537966,0.6702707033665392,308.2485162394403,100.0,1.497911490585826,0.8083473092431517,-16.515806553679834,-16.198040386960493,-3.1824732203465,0.8455810307377924,19.61782475090139,19.300058584182047,32.63339191751538
14,10,1.7324582630015997,0.5553679744647896,322.52613088797494,100.0,0.6094007316667024,0.9690867023666123,42.44377595188847,43.654116323864656,50.44377595188847,0.9169126250393071,11.610467988162313,10.40012761618613,18.40012761618613
16,10,4.871561502478049,0.428242191975202,328.1112449681542,100.0,0.18115636975298482,0.9244862622334469,61.45437738844206,62.66471776041824,69.45437738844205,0.9641797835811062,-0.5206868878138664,-1.73102725979005,6.26897274020995
18,7,0.41374716825989033,0.4738852752820488,314.344343956068,100.0,0.2071493877180318,0.9399479112086032,6.897564700467974,6.681205296689227,26.897564700467974,0.9608822067221823,5.0072035542633815,5.223562958042129,25.22356295804213
20,8,0.9142157566584973,0.5219413261347582,308.32373280376544,100.0,0.05600059444900529,0.9918634988919842,-1.752520705811289,-1.434754539091946,11.580812627522045,0.9869244721000348,-6.673893420584735,-6.991659587304078,6.341673746029256
22,7,0.783040797866379,0.5276645167015371,308.2674855466073,100.0,0.024798750093819762,0.9941688745228914,-5.6601326231137,-5.876492026892447,14.3398673768863,0.9937562721673336,-9.851325167968845,-9.634965764190099,10.365034235809901
28,8,0.04109065185682996,0.28195439258816996,308.66371651976885,23.954730836705775,0.5416538914786296,0.7988505475122771,-38.424011885506445,-38.1062457187871,-25.09067855217311,0.7057881805814986,11.480225899538873,11.16245973281953,24.495793066152864
31,8,0.03572868228959279,0.4513124448373184,312.4106422352096,100.0,0.17120341588411345,0.989011128109844,-52.223125255188364,-51.90535908846902,-38.88979192185503,0.9580479307620442,2.266027461520018,1.948261294800675,15.281594628134009
34,8,0.05843511128046636,0.3072020468510813,316.8206239608717,100.0,0.583188563986887,0.7744387468091974,-28.09732833352369,-27.779562166804347,-14.763995000190357,0.7564664490813326,12.071292704107965,11.753526537388623,25.08685987072196
37,8,0.08695275621329279,0.13570566795782385,308.5839289717072,25.83149098458358,0.369344989973177,0.41560360647222905,-29.297263284076834,-28.97949711735749,-15.9639299507435,0.4096499625294864,8.417057248220624,8.099291081501281,21.432624414834613
40,8,0.076807982961115,0.22473349530437386,308.3407326236899,100.0,0.9490184844697872,0.42777183695846543,-24.533842831806595,-24.21607666508725,-11.200509498473261,0.4812877060478591,15.966634342777079,15.648868176057736,28.982201509391068
43,8,0.08269012171431772,0.3638043708196333,314.50504777063975,100.0,0.35518804572592955,0.8294922438362635,-21.76255561937474,-21.4447894526554,-8.429222286041407,0.8773410340520617,8.1043869767047,7.786620809985356,21.11995414331869
46,8,0.22450957238969468,0.19815522975203148,314.27344277166543,0.00018376874451524425,1.2112708395578473,0.4092282231072213,-15.584482441545337,-15.266716274825994,-2.2511491082120028,0.38340537519716167,17.91861107716465,17.600844910445304,30.93417824377864
49,8,0.23262017501394555,0.6021390398997805,291.1143688688847,1.0780511153610708,0.8833229614463014,0.4559997367118055,-14.442983904377304,-14.12521773765796,-1.1096505710439697,0.39923239849422965,15.392735240572877,15.074969073853534,28.408302407186866
106,25,0.5971249931922803,0.6729883676142078,313.17353735668775,0.6646930573102913,0.21579174101096915,0.9646883738220008,15.324413461870556,20.19991676134336,17.324413461870556,0.9752955516636499,-32.985503121682946,-37.86100642115575,-35.86100642115575
108,6,0.47729829009346647,0.32120973289966065,333.8836522783584,85.7442232911097,0.49727261469892114,0.6940703189030586,10.200106182781697,9.367144059693917,50.200106182781695,0.6162225950646985,11.252042163518372,12.08500428660615,52.08500428660615
113,6,0.7316931874581452,0.7412744336927483,306.18219103948553,100.0,0.012340148791682343,0.9992732734778097,-7.606173000134815,-8.439135123222595,32.39382699986518,0.997978252952772,-10.925639757428774,-10.092677634340994,29.907322365659006
115,6,0.32669723821185165,0.8499834950329808,304.45006208006214,100.0,0.21495093640887114,0.9812088417127743,2.5930296634308405,1.7600675403430603,42.59302966343084,0.9706094307041399,6.219670582123239,7.052632705211019,47.05263270521102
145,7,8.165710478883938,0.3046376855321553,309.39658115728025,6.832798325358245,0.03150367543978761,0.9758612573233288,24.17284501000246,23.956485606223715,44.17284501000246,0.9661795498162133,-8.176148397603704,-7.959788993824958,12.040211006175042
147,7,9.37403529862028,0.6440896815126755,301.56124844344237,1.6950480066828746,0.047524536764980994,0.9255212334309377,37.503535094047066,37.28717569026832,57.503535094047066,0.9711468631983977,-5.298154947189201,-5.081795543410454,14.918204456589546
149,7,0.45946046517516587,0.9121451789861946,308.3849324607647,1.982662568907259,0.1479778747367664,0.9087191077922824,20.89802133699052,20.681661933211775,40.898021336990524,0.9726668528504506,2.652561437791923,2.86892084157067,22.86892084157067
150,13,0.5633739191554862,0.5470723557833707,320.93336388808956,0.811264065865072,0.30975394552474894,0.9782337288654083,6.250044006969346,8.509841436815492,11.250044006969347,0.9664204650322751,0.572156375996153,-1.687641053849994,3.312358946150006
151,7,0.4348851663498693,0.5733917938020832,323.81227671246813,1.0628314701700499,0.05286397255826044,0.9914869659428455,2.4294953622260493,2.2131359584473023,22.42949536222605,0.9919985177274578,-4.552823523591756,-4.336464119813009,15.663535880186991
152,14,2.386321463318343,0.42603117469004975,324.67439382310147,2.496597856584626,0.1444245339249382,0.9778484774289139,38.64244853976744,41.19867785822848,43.086892984211886,0.9783895216994116,-11.750268668412884,-14.306497986873918,-9.862053542429473
153,11,2.502083176541991,0.4004766541571505,325.1043823019066,3.3867155067404595,0.03724168071127891,0.9940905758070541,15.608289031809871,17.199870123003354,22.27495569847654,0.9923811896578038,-19.76221283189431,-21.353793923087792,-14.687127256421125
154,15,2.197644790874306,0.4489888513525271,323.78532030735306,7.729068766237148,0.3789272690927629,0.9398010839038193,59.38091909039089,62.21311989479973,63.38091909039089,0.9474139714902936,0.22343886733796658,-2.6087619370708737,1.3912380629291263
155,14,2.3253195807891185,0.43801098452283105,359.15844132977645,18.74021766051565,0.3379652186710652,0.9325343387170681,62.76000955415296,65.316238872614,67.2044539985974,0.9597237134703407,0.15233354370121432,-2.4038957747598193,2.0405486696846253
156,22,4.682057244181779,0.5236024621152474,320.2180501406442,1.9452736116599891,0.2778463860949438,0.9780214139151983,88.67306834276121,93.03723815619448,91.0260095192318,0.9747590016286424,-19.380580191823814,-23.744750005257078,-21.39180882878649
157,22,4.520206132252449,0.5404045586786409,319.4555448906219,1.9326785933890456,0.46214234432266726,0.9643464381097611,101.1701134409981,105.53428325443136,103.52305461746869,0.9636739784238498,-8.186879976171873,-12.551049789605138,-10.198108613134549
184,7,0.48540041456601013,0.7446957576042013,308.10144172455836,100.0,0.13742202761840272,0.9636923655457663,11.304526462172745,11.088167058393998,31.304526462172745,0.9790111487810538,2.1345188555853385,2.3508782593640856,22.350878259364087
185,7,0.4037847544339029,0.582069613345008,308.131825253884,100.0,0.03182787185101294,0.994067580368979,-8.83024099223121,-9.046600396009957,11.16975900776879,0.992681181830068,-8.104481280705553,-7.888121876926807,12.111878123073193
186,7,0.3759846584290542,0.5927669391336098,310.76796663359903,100.0,0.009281429396873419,0.9972257571731692,-13.887881714850884,-14.10424111862963,6.112118285149116,0.997950091088645,-16.730768981769867,-16.51440957799112,3.4855904220088796
187,7,0.4167484092918803,0.5565454589936293,308.19121899245135,100.0,0.04220400074238127,0.991714040992023,-8.2432246951699,-8.459584098948646,11.7567753048301,0.9891149509172801,-6.1292727890844185,-5.9129133853056715,14.087086614694329
188,7,0.45727648473985005,0.5983135502495588,308.1872468526311,100.0,0.02168961287981852,0.9985192582338981,-16.51466382101138,-16.731023224790125,3.4853361789886215,0.9951711334909428,-10.789043597470577,-10.572684193691831,9.427315806308169
189,7,0.721226043350219,0.5785653217682728,308.7180804944678,100.0,0.018778867952258957,0.9979640226441133,-9.00071019214182,-9.217069595920567,10.99928980785818,0.9955221119291009,-11.797752587459819,-11.581393183681072,8.418606816318928
190,7,0.4426097604646664,0.6140399793903069,308.9216942253944,100.0,0.02678760470635467,0.9959116370334118,-7.368889737240853,-7.5852491410196,12.631110262759147,0.9946256505193207,-9.311303048194493,-9.094943644415746,10.905056355584254
191,7,0.45234218924309716,0.5818400369019582,308.60917602488837,100.0,0.013511685575952706,0.9961732475341195,-10.298640105921383,-10.514999509700129,9.701359894078617,0.9968835570473601,-14.101993570432406,-13.88563416665366,6.114365833346341
192,7,0.5023171080906034,0.6172491298365289,308.7669925581388,100.0,0.015297547900398858,0.9981551777413836,-12.425207518887955,-12.641566922666701,7.574792481112045,0.9968270023516099,-13.233030101931224,-13.016670698152478,6.983329301847522
193,7,0.3441808834578529,0.7110499365653161,308.34535440096477,100.0,0.09377270425912902,0.9747012334345024,2.62547452597817,2.409115122199423,22.62547452597817,0.9845559966587389,-0.5407612351173414,-0.32440183133859435,19.675598168661406
194,6,0.5291027138761658,0.5776796062634186,306.0200848802314,100.0,0.027890941228287582,0.9932108758809735,-5.73205065743487,-6.56501278052265,34.26794934256513,0.9894482069525928,-6.032976520211573,-5.200014397123793,34.799985602876205
196,6,0.07320350013654053,1.106598436160504,303.20628942116196,100.0,3.71580721033135,0.90112897440115,-1.923879778169466,-2.7568419012572463,38.076120221830536,0.6760868910695155,23.319319091839958,24.152281214927736,64.15228121492774
197,6,0.16746856171188174,0.7803581085185676,300.50711144341943,5.110894548957089,0.5762379116102416,0.691488150771181,-1.1222501421258695,-1.9552122652136497,38.87774985787413,0.7021296022612067,12.136335484554813,12.969297607642593,52.969297607642595
198,6,0.3035968368336168,0.3261690003990912,303.0776041063725,44.250028016838385,0.0025359822816886347,0.9936941751139465,-29.258438172220934,-30.091400295308716,10.741561827779066,0.9948685977805689,-20.419301914884464,-19.586339791796682,20.413660208203318
199,6,0.3560288020584207,0.42337415259157724,300.5919491452572,2.5621044045000536,0.06797502711089781,0.8937655211029009,-11.30954458021202,-12.1425067032998,28.69045541978798,0.8791804254893596,-0.687945877764303,0.14501624532347712,40.145016245323475
200,6,0.48382127420843085,1.2490610280676322,290.5521591265888,2.065706572429625,0.02516199548513464,0.962120335826091,-10.422178680131886,-11.255140803219666,29.577821319868114,0.9812661835063212,-6.650779770910699,-5.817817647822919,34.18218235217708
207,9,0.10930857548964847,1.5789203033108519,285.37346392649476,1.216315803672719,0.008036137767158492,0.9975600021844285,-38.288004492138256,-37.499106182793376,-28.288004492138256,0.9981035188413527,-26.859489484853086,-27.648387794197966,-17.648387794197966
208,8,0.1261269774945008,0.3856348431876889,338.5160847482651,1.1359768117904565,0.0503537706375596,0.9838539996472597,-27.258920653026294,-26.94115448630695,-13.92558731969296,0.9738110058689426,-7.524203828165382,-7.841969994884725,5.491363338448609
209,8,0.044763022886306125,2.0180991694311596,288.68538301736965,1.6365672359701235,0.0028988059385067905,0.9974944630128106,-33.702366713890115,-33.38460054717077,-20.36903338055678,0.9989422385727403,-30.362400612425255,-30.6801667791446,-17.346833445811264
212,6,6.377452378937742,0.5899339956920125,305.1904388621296,100.0,1.6291712337814734,0.7879645761065108,44.83516595981363,44.00220383672585,84.83516595981362,0.7110101663084016,18.37217209990139,19.205134222989173,59.20513422298917
213,6,3.5814259138496047,0.5512282263921127,305.1425629166405,100.0,1.01023908357491,0.7873029548777147,34.39050718189304,33.55754505880526,74.39050718189304,0.7593039117937805,15.504865575506328,16.337827698594108,56.33782769859411
214,13,0.22408502365524596,0.5315090381105916,317.91293477222945,100.0,0.09515394150657194,0.9785303920563888,-18.081012199263824,-15.821214769417677,-13.081012199263824,0.981422527040358,-14.771512759333175,-17.031310189179322,-12.031310189179322
215,15,0.5750060336947603,0.9679343786348504,291.73337618105154,0.7322700521414118,0.08078938063739784,0.9937230495653299,-22.586321218257485,-19.754120413848646,-18.586321218257485,0.9907099648838702,-22.95904246369585,-25.791243268104694,-21.791243268104694
222,10,9.28218616965862,0.5522853575160726,308.35374793812633,27.634877299915132,0.11451934552690764,0.9741209785758747,52.88448396201088,54.09482433398706,60.88448396201088,0.9499733602753853,-5.1068550307959875,-6.317195402772171,1.682804597227829
223,6,0.11958631936345848,1.2144549740133108,298.66898181761815,1.3820176080143425,0.1323323619705137,0.9777967927137142,-8.088331901187274,-8.921294024275054,31.911668098812726,0.9692669516112667,3.309111696420807,4.142073819508587,44.14207381950859
224,6,0.27212190812772524,0.6616163349699126,308.2620245707001,100.0,0.2208146676774051,0.986865990342146,-4.2254899356466336,-5.058452058734414,35.774510064353365,0.9320579468103489,6.381154237477009,7.214116360564789,47.21411636056479
225,6,0.4567483426426596,0.25894264145831725,310.12917768101124,99.88506028332418,0.06630520724254316,0.9089485225780011,-4.155862555509804,-4.9888246785975845,35.844137444490194,0.8884361739459207,-0.8371776055778106,-0.004215482490030453,39.99578451750997
226,6,0.2785751708957945,0.42178059500657017,310.43043998207133,100.0,0.25201941548440454,0.9326731734485469,-3.5698441387635977,-4.402806261851378,36.4301558612364,0.8466744780861242,7.174248566806735,8.007210689894515,48.007210689894514
229,8,1.0141516872063616,2.779202755758863,295.0052218140477,2.5010269042499718,0.011284186173782343,0.9809973041741321,54.71602839149051,55.033794558209856,68.04936172482384,0.9756612186484714,-19.489573531934454,-19.807339698653795,-6.474006365320461
230,8,42.62959872293916,0.15467044993724532,304.3156032469188,23.33545645312156,0.0026123441049686696,0.9495303449741337,32.62441666362934,32.942182830348685,45.957749996962676,0.945063394110618,-31.194808325132264,-31.51257449185161,-18.179241158518273
231,8,41.319443,25.928524381412387,311.138506,259.2852438141239,,,,,,,,,
232,8,40.042721944581636,0.2537642948647355,368.59183962609166,0.0004597178779860553,0.024139069468015324,0.8828416150203866,45.55876525277094,45.876531419490284,58.892098586104275,0.8960207803750055,-13.406138526344238,-13.72390469306358,-0.3905713597302469
233,8,15.47782267816498,2.714465851273484,285.8167207229518,2.939309530987941,0.004821009598672751,0.8434767501039584,28.10234784967274,28.420114016392084,41.435681183006075,0.8392193837764611,-26.29292493582718,-26.610691102546525,-13.277357769213191
234,8,52.921945239577134,0.4440187073735805,315.2913214497231,6.664655184305537e-05,0.04163561475874241,0.9579372502249548,55.034660042806266,55.35242620952561,68.3679933761396,0.9456733093858128,-9.045144467219112,-9.362910633938455,3.970422699394879
235,6,0.5901649701274881,0.1416315756712798,308.6226870672872,98.04032880756117,0.06640171701158022,0.7031872332048203,-3.306672679495298,-4.139634802583078,36.6933273205047,0.7140633916276772,-0.8284507253556868,0.004511397732093414,40.004511397732095
236,6,0.8209286555720136,0.2624500838504111,304.48669395786106,99.99514477132173,0.08520840624305534,0.8557275925166237,2.673421411678726,1.8404592885909459,42.673421411678724,0.8696926918462664,0.6678123488639951,1.5007744719517753,41.50077447195177
237,46,1.055199,13.713350272078305,302.994961,137.13350272078304,,,,,,,,,
238,16,1.3569849866929615,0.3622660923123473,312.4993766884551,4.275913504930061,0.3153216527185038,0.8749372757140601,22.680255952013933,25.770610840973056,26.31661958837757,0.911135513650385,-4.331624266781519,-7.421979155740644,-3.7856155193770076
239,35,1.1620912155622238,0.9504477095355532,305.1468300703978,1.6608514983550693,1.1646125829049794,0.9379413298461945,96.1128670019062,102.33425924786386,97.44620033523952,0.964262021674722,-3.556495612129181,-9.777887858086835,-8.444554524753501
240,6,1.0246744060305646,0.6343748987452124,317.619694568849,100.0,0.009025821064255899,0.9968383730659804,11.20569687380388,10.3727347507161,51.20569687380388,0.9966599323380813,-12.802251353514825,-11.969289230427044,28.030710769572956
248,6,11.86785253036898,0.24817405360991196,342.9366839713056,0.00010112375806574586,0.0026697910372410097,0.9919462516974563,12.166312292513371,11.33335016942559,52.16631229251337,0.9929991904207932,-20.110786977029953,-19.27782485394217,20.72217514605783
254,12,189786.09562209953,4.162994456232197,263.15,4.368947854241157,0.05873226061589268,0.7042390243981734,-53.13220088626109,-51.19257428710909,-47.41791517197537,0.6935023064020286,-17.84192182359059,-19.78154842274259,-14.067262708456873
255,7,264992.9438906438,4.017846323655084,263.15,4.197477733256001,0.0039364698565547964,0.829751928947758,-30.610014617985485,-30.82637402176423,-10.610014617985485,0.8273701778351791,-22.73488751184424,-22.518528108065492,-2.5185281080654924
261,8,0.008834839306834794,2.1030942688773573,304.0569219240045,74.04663761473135,1888.9158107867584,0.7495369358611921,15.486345135474487,15.804111302193832,28.819678468807822,-116.0185062077127,76.73531675151561,76.41755058479627,89.7508839181296
262,8,0.14657855,24.373834171917803,300.14307599999995,243.73834171917804,,,,,,,,,
263,8,0.24934733,51.62913419732624,303.12760799999995,516.2913419732624,,,,,,,,,
264,7,0.411696833181852,0.6489070189342645,307.088488974967,5.870131326666247,0.11118726782860308,0.9706695559216432,-2.0430515136269385,-2.2594109174056856,17.95694848637306,0.9383397393561775,0.6516332060426455,0.8679926098213926,20.867992609821393
265,8,0.046244265465380796,1.4296115435812875,303.8065391856817,3.357959566498507,1.4267448072137974,0.7506879344391657,13.013392019003534,13.331158185722877,26.34672535233687,0.8441499159432804,19.228414291253316,18.91064812453397,32.24398145786731
267,6,11.564188402496086,0.5428602601690751,308.5372679970403,1.9629734817200217,0.0011223212730889166,0.9903957088124161,13.936614141716175,13.103652018628395,53.93661414171618,0.9905953142308939,-25.310393579305433,-24.47743145621765,15.522568543782349
268,6,17.640549532017776,0.05065920243973359,315.37223172008765,99.99766347907318,0.0018463038481044377,0.8820491903315444,15.24554785426411,14.41258573117633,55.24554785426411,0.8922976576796703,-22.323673890039125,-21.490711766951343,18.509288233048657
270,9,49473.80299184452,3.356349684434417,267.5678032262671,3.433031755575165,0.10531654021684263,0.30452661697142924,36.193234402008315,36.982132711353195,46.193234402008315,0.2898680777493001,-3.7022924448474406,-4.491190754192319,5.508809245807681
272,10,89253.16615837652,3.7947768072014667,267.58748751840443,3.862135180338953,0.0687611642807262,0.37438088784910684,26.86082062909549,28.071161001071673,34.860820629095485,0.35963018800130964,-10.207901554684561,-11.418241926660745,-3.4182419266607447
273,10,110414.78423153849,8.789458953003056,276.98678921722575,9.029741643539436,0.46171850958922106,0.5114830450972794,56.246699632702295,57.457040004678475,64.2466996327023,0.5156540246918233,8.835261504185905,7.62492113220972,15.624921132209721
293,6,1.6299337,15.480341930023927,298.104195,154.80341930023928,,,,,,,,,
303,23,5.262373961095209,0.36919002869349726,315.38251135224357,2.7163801959723584,0.3858209030407022,0.8735160731257978,81.13667049368209,85.67864735739869,83.35889271590432,0.8211293524878347,-14.208003551088634,-18.749980414805233,-16.52775819258301
306,6,0.8728271914133492,0.38288378405973483,312.5018443381685,90.40106314995278,1.3634559660298124,0.60444992126229,21.586508510710882,20.753546387623103,61.586508510710885,0.37767321673194676,17.30387922784636,18.136841350934137,58.136841350934134
307,6,0.4404149489491028,0.3809983087716679,318.75088662713785,100.0,0.4452736491138786,0.7452392312263908,12.97443852443633,12.141476401348548,52.97443852443633,0.7139379200170277,10.589345996082736,11.422308119170516,51.422308119170516
308,24,1.1943964890043637,0.2845263539077546,317.0463557786332,0.001094098698883568,3.3417739390620036,0.43300760504655256,34.287889037842625,39.000104359234406,36.393152195737365,0.3770192713128523,35.50401583824668,30.7918005168549,32.89706367474964
320,11,0.45620886098555047,4.642312473403933,282.76249663593455,4.060183099786026,0.029693596642756986,0.9917024358265575,-32.509299491502574,-30.91771840030909,-25.842632824835906,0.9902285262596694,-22.253681613486023,-23.845262704679506,-17.178596038012838
321,16,0.26166732197955084,0.519038957144588,305.21637247253824,99.9931725310569,0.10527860953667315,0.9600768160535147,-36.51329439091691,-33.422939501957785,-32.87693075455328,0.9559351532627431,-21.883351904820422,-24.97370679377955,-21.337343157415912
343,9,19.908377485568973,0.49336153473654454,313.0866134425282,100.0,0.04960268056634104,0.9561867835249597,65.36059683823945,66.14949514758432,75.36059683823945,0.9705094219713236,-10.47862291631497,-11.267521225659848,-1.2675212256598485
378,6,2.1803340506689834,0.5745934156078739,309.42392248333647,100.0,0.1546609846233099,0.9185253780415052,27.79719111407265,26.96422899098487,67.79719111407265,0.9532652110876519,4.244624939311278,5.077587062399058,45.07758706239906
380,6,1.178375967756127,1.2327230569072876,293.4373278478029,1.6237485976448942,0.10433672246083997,0.927075511179156,17.08393886308913,16.25097674000135,57.08393886308913,0.9825458678798559,1.8829520960752468,2.715914219163027,42.715914219163025
382,6,2.071519823824943,0.646951899256496,310.22390125140646,100.0,0.3523392706267107,0.8925640162696148,30.615324092362613,29.78236196927483,70.61532409236261,0.9260579513279849,9.184779076586075,10.017741199673855,50.01774119967386
387,6,10.671896817327639,0.7424656592821092,312.8059410738837,100.0,1.261777203630996,0.5796874914848318,60.329773819818065,59.49681169673028,100.32977381981806,0.814591252117368,16.838870697466184,17.671832820553966,57.671832820553966
390,6,6.7537478980819925,0.6496319526554746,313.3169655344104,100.0,0.40325456527783266,0.90138210176102,46.17289187861948,45.3399297555317,86.17289187861948,0.9220616757415181,9.994620015013055,10.827582138100837,50.82758213810084
393,6,8.05397046787953,0.5619266750440065,312.8264421544619,100.0,0.19251189027252288,0.9276428425193404,42.739304253587214,41.90634213049943,82.73930425358722,0.9473813142112268,5.558159302925732,6.3911214260135125,46.39112142601351
396,6,3.105589162080949,0.8304356917801716,313.0290725158401,100.0,1.4020413961936953,0.6645858262988871,48.84053987393959,48.00757775085181,88.84053987393959,0.8334008747485269,17.471319348233116,18.304281471320895,58.30428147132089
399,7,15.032773906032643,0.46912131751138597,326.4857656153693,98.66766132897054,0.36772219846943327,0.8969427231055084,61.14110568339717,60.924746279618425,81.14110568339717,0.9221060858332031,9.024416368223152,9.2407757720019,29.2407757720019
402,6,28.390090273942885,1.2207466712992954,283.1949633938417,0.942799494569248,0.007214999388033807,0.9891944099172213,39.14512800345344,38.31216588036566,79.14512800345344,0.9963443851578977,-14.145815569449473,-13.312853446361693,26.687146553638307
405,7,20.600700915851476,1.3994851437407656,285.5343536306216,1.2140942528699243,0.041183118134096544,0.9720870124456684,47.87982114131154,47.66346173753279,67.87982114131154,0.9891660340202418,-6.3006790066794425,-6.084319602900695,13.915680397099305
408,7,16.177620801337614,1.6457633850040911,285.17380799770405,1.5050121264662266,0.018713516620083956,0.9901602376450562,34.73081121411067,34.51445181033192,54.73081121411067,0.9952301453240078,-11.822155398523186,-11.60579599474444,8.39420400525556
411,7,90.44382171744309,2.0278481190857676,282.6783378104228,1.9949626007466066,0.07463682527952314,0.8763521745309408,60.83816522433419,60.621805820555444,80.83816522433419,0.9597794878066913,-2.1384397821130934,-1.9220803783343463,18.077919621665654
414,6,36.497589378711275,1.996798119178685,283.49171420375114,1.9191337762333327,0.11031887360947312,0.8627619544798236,49.49598674676712,48.66302462367934,89.49598674676713,0.9584523016887938,2.2174619254359875,3.0504240485237677,43.050424048523766
417,6,18.455418456237997,1.6267301776235654,287.36319063407507,1.621687388441143,0.03542302157559593,0.9680295009309002,40.34116742372454,39.50820530063676,80.34116742372454,0.9899040614637754,-4.598616599314862,-3.7656544762270823,36.234345523772916
420,6,21.557948259358128,3.927352266078298,283.8097968881456,3.81573465054448,0.041622024166816,0.9515396028835784,42.09651747497104,41.263555351883255,82.09651747497104,0.9940771378919223,-3.6310114883504667,-2.7980493652626865,37.201950634737315
423,6,15.947535443337506,0.524722774806811,312.99195337348203,100.0,0.5381299411932343,0.8257320930973889,53.69150829092956,52.85854616784178,93.69150829092956,0.8441463772957978,11.7258121303899,12.55877425347768,52.55877425347768
424,11,12.874163363746884,2.787609321117518,277.7311864093607,2.752532775882958,0.03141734318116107,0.8797615388105449,-12.761600510814102,-11.170019419620619,-6.094933844147435,0.9354369456004894,-21.63296646638303,-23.224547557576514,-16.557880890909846
425,11,0.8653858403325996,0.1191219680927654,315.3708568780545,46.13361970431591,0.3557507913733749,0.6896928800856774,4.611108479083567,6.20268957027705,11.277775145750233,0.8622940636540364,5.062607828484962,3.4710267372914796,10.137693403958146
426,12,0.37112104757003106,0.38999831148155695,314.0899178189845,2.737350448851515,0.33775217237902627,0.842694890436406,-1.3400920854781226,0.5995345136738788,4.374193628807592,0.8815414341178932,3.149957155628565,1.2103305564765634,6.924616270762278
427,12,0.4978288322339867,0.2754841300046714,310.3850965960844,2.250108111484264,0.3452203927119953,0.739419733306331,-6.412108885959782,-4.4724822868077805,-0.6978231716740675,0.8619676538021023,3.4124046411600286,1.4727780420080272,7.187063756293742
428,12,0.4771209554073365,0.49885435933471745,300.790257310002,1.216074155082977,0.9025667879983499,0.5404670871503093,-1.670592517685817,0.26903408146618446,4.0436931965998975,0.5560251506666375,14.945120540316857,13.005493941164856,18.71977965545057
429,12,0.9572272680333453,0.579351938013568,298.08613828006855,1.3032705121846813,0.1648720976437583,0.8682175746392033,-4.977205782003029,-3.0375791828510277,0.7370799322826853,0.9091882559708956,-5.455751659071664,-7.395378258223666,-1.6810925439379512
430,13,0.9386294438893713,0.38622658323809655,311.907866926848,1.179525163210339,0.03421301971868396,0.9805602102935114,-22.831814835015035,-20.572017405168886,-17.831814835015035,0.9834795401912168,-28.069079533624972,-30.328876963471117,-25.328876963471117
431,13,0.7317410013349541,0.4243293988379317,305.9459685108843,1.4364731248105385,0.08333674816027811,0.9347047525414673,-18.33905491287489,-16.07925748302874,-13.33905491287489,0.956855610449857,-16.495396098987392,-18.75519352883354,-13.75519352883354
432,12,0.6799720510365889,0.32590060438823465,312.87797087818785,76.53119857807481,0.05549071054337843,0.9661787374822497,-13.771007398809623,-11.831380799657621,-8.056721684523907,0.9753922647041056,-18.523204199420576,-20.462830798572575,-14.74854508428686
433,13,0.2959782108065081,0.5168832264398107,303.2299461170334,1.3629568423853216,0.13049943732203478,0.925732800021373,-37.585189831879774,-35.32539240203363,-32.585189831879774,0.942894803713278,-10.665165085016328,-12.924962514862475,-7.924962514862475
434,13,0.42558844167950105,0.5502663139112228,303.225069876893,1.5699320348746089,0.17415508554519318,0.9645919498747806,-31.200317205226057,-28.94051977537991,-26.200317205226057,0.9421685497902005,-6.91366040032579,-9.173457830171937,-4.173457830171937
435,13,0.5223417904095606,0.47140199293975565,297.7595580785542,0.7035504082520191,0.09019588211423345,0.8787139528637119,-29.70603273198965,-27.446235302143506,-24.70603273198965,0.9258807898794011,-15.467171929118338,-17.726969358964485,-12.726969358964485
436,10,0.4105155438165451,0.42047413737426254,310.0073161465913,4.255560910855987,0.1743926838069054,0.9393530965187372,-12.86100832640388,-11.650667954427696,-4.86100832640388,0.9327195372305687,-0.9011970842277073,-2.111537456203891,5.888462543796109
437,10,0.4093657649705327,0.6761839278782436,307.93593148335344,4.494833499790083,0.8426718150467459,0.41168112129119827,15.756906210769131,16.967246582745314,23.75690621076913,0.8039732408577865,14.851483078390142,13.641142706413959,21.64114270641396
438,10,0.6338975467286431,0.5773426800594564,303.8992890959196,1.5078984861326163,0.03653532343065155,0.9925396948792449,-27.9270904811739,-26.716750109197715,-19.9270904811739,0.9872867981612892,-16.531497105402995,-17.74183747737918,-9.741837477379178
439,10,0.24242424997555242,0.5534045695305142,306.5430943758551,2.3184785460436244,0.3386493046811251,0.9436843890974674,-22.03356961422427,-20.823229242248086,-14.03356961422427,0.9062764503871852,5.735358040816282,4.525017668840098,12.525017668840098
440,10,0.4142273311084249,0.5319649504048485,304.74674975836416,2.1471698719971872,0.12024676597042652,0.9678949887046254,-21.57330708241623,-20.362966710440045,-13.573307082416228,0.9513951691940024,-4.618832539618314,-5.8291729115944975,2.1708270884055025
447,6,948.3692400254868,0.022326044319038903,336.94176422627146,1.2300559003239577e-05,2.12819892972185,-0.09137050091448451,93.73665295942644,92.90369083633865,133.73665295942644,0.0024437683336895333,19.975399754734205,20.808361877821987,60.80836187782199
448,6,209.37251927267062,0.17183762603149308,315.0257456905072,4.844760994757854,0.2932423013168797,0.4613088204086404,77.45154449530395,76.61858237221617,117.45154449530395,0.432847351435516,8.083207191427753,8.916169314515535,48.916169314515535
449,6,56.84962281437085,0.4459928115795702,322.9936710781007,100.0,0.505849736611954,0.8854130434900718,72.66252537460953,71.82956325152175,112.66252537460953,0.8011748204658762,11.354649757913194,12.187611881000972,52.187611881000976
450,6,272.0521320798832,0.12810663172171502,326.88870383341873,0.000134926506355683,0.5545889797729507,0.27291625485977045,76.23538289979082,75.40242077670304,116.23538289979082,0.23358553163326157,11.906575360496088,12.739537483583868,52.73953748358387
455,6,161.7935482894485,1.0333549401975314e-06,342.92397410507647,22.94182049428798,1.2983318668719406,-0.04993477820591341,79.58775682461334,78.75479470152555,119.58775682461334,-3.3030547874624006e-07,17.01022502695197,17.84318715003975,57.84318715003975
456,6,194.10238748787427,0.09881912566332646,317.25027979410436,99.04714254436273,0.7087728953991138,0.1531950216667558,81.83757591800648,81.0046137949187,121.83757591800648,0.12300937522771416,13.37842273671291,14.21138485980069,54.21138485980069
457,6,1.4211660322612514,15.93829165053016,285.3864376252937,15.742593512777981,0.3473715356467272,0.7092968297315563,79.08299789060415,78.25003576751637,119.08299789060415,0.7660844230109585,9.099581276488797,9.932543399576577,49.93254339957657
458,6,70.51604315077613,0.461782534145771,315.5188868959749,34.31964296990217,0.362862764388583,0.8310691691815701,76.78858291180747,75.95562078871968,116.78858291180747,0.8444325197001076,9.3613600055876,10.19432212867538,50.19432212867538
462,12,0.11741106098343326,1.202202112849296,318.6071337208682,2.5924999914647477,14.384840131974743,0.6397895909449683,63.136422643150574,65.07604924230257,68.85070835743629,-0.04205027825105101,48.16937019963579,46.22974360048379,51.94402931476951
463,12,0.8288400349892866,0.633856634355431,324.08713420810545,1.8072273325612926,0.08073698475892548,0.996479700216485,8.720056485405022,10.659683084557024,14.434342199690736,0.9924153999916698,-14.023430513306339,-15.96305711245834,-10.248771398172625
464,13,2.07574504188353,0.6216882489456809,319.1507420719927,1.323279265781057,0.12840162995728566,0.9747863929580395,45.571796393723716,47.83159382356986,50.571796393723716,0.9879136833449358,-10.875840868493393,-13.13563829833954,-8.13563829833954
465,11,2.388317856515946,0.5385209259031304,323.67063731515384,1.7702436052004193,0.06078431828156566,0.9815940556258678,38.170689074228896,39.76227016542238,44.83735574089556,0.9905416132101557,-14.373277088148612,-15.964858179342095,-9.298191512675427
466,13,1.3689271490149548,0.5729850632104551,327.86255922621046,4.691174205420372,1.7705020414712724,0.8201053278444466,73.78483223522971,76.04462966507586,78.78483223522971,0.8837708452080357,23.23427853918914,20.974481109342996,25.974481109342996
467,11,1.2722168135517011,0.6683822188661194,322.32783625903744,1.32825758307699,0.05875056876874598,0.998004054614152,13.000731784440639,14.592312875634121,19.667398451107307,0.9942702917628131,-14.747618072266246,-16.33919916345973,-9.67253249679306
468,13,4.1504646168206785,0.9336660158026254,297.1020898295778,0.8735873207037719,0.1487244974275348,0.9448595547192128,71.67392442423254,73.93372185407868,76.67392442423254,0.9871706963851223,-8.965718390395365,-11.225515820241512,-6.225515820241512
469,11,4.144361992476577,0.5310621901246363,323.3386910791213,1.097093546606436,0.06661077651332026,0.9829076338194523,47.263529049607286,48.85511014080077,53.93019571627395,0.9888908474672772,-13.366397134264293,-14.957978225457776,-8.291311558791108
470,12,21.135217282338832,0.4425096392144906,321.1433347813709,2.066791610564817,0.2546450719038026,0.9241384610743851,93.73957078823976,95.67919738739177,99.45385650252547,0.9375029227678184,-0.23934334061245544,-2.178969939764457,3.5353157745212576
471,12,39.18866210891032,0.5693290958478638,313.3671621612974,1.5118579053424053,0.22208961358989734,0.9566483594023838,102.35834039311248,104.29796699226449,108.0726261073982,0.9556716031864417,-1.8808201662865596,-3.820446765438561,1.8938389488471534
472,10,26.722311709498836,0.334031529384236,323.55735733546953,94.7116841323049,0.41303172255953935,0.9338693631016957,84.59949484136163,85.80983521333782,92.59949484136163,0.8915719393819098,7.7209513171359525,6.510610945159769,14.510610945159769
473,10,33.3509632069332,0.4146874694137349,318.76237053103097,1.4611633923246319,0.06785440180603948,0.9620784201642141,75.56391072524457,76.77425109722076,83.56391072524457,0.9754483428349893,-10.340650086430813,-11.550990458406996,-3.5509904584069965
474,9,25.998584704103518,0.6982864836592583,309.1918908133023,1.1327486834628655,0.059392675634259054,0.9625242720799576,73.09595920170385,73.88485751104872,83.09595920170385,0.9803248293527057,-8.85748858332891,-9.646386892673789,0.3536131073262112
475,8,29.398685603180784,0.3851222701627379,316.7104534256258,93.35347653830883,0.23435278304683765,0.9194013963789844,71.13406945170392,71.45183561842326,84.46740278503725,0.8953409253314509,4.777828931883166,4.460062765163823,17.793396098497155
476,8,32.489601637006686,0.3643696763343086,307.99349526988607,49.22214106152102,0.4740473962693934,0.8451049164405914,70.3967532974306,70.71451946414994,83.73008663076394,0.7585009921078458,10.413666603304073,10.09590043658473,23.429233769918064
477,8,33.6372232098511,0.8463179269087774,297.8550778890592,1.4019628406945102,0.16138506693920932,0.8358433785165618,73.5396216193563,73.85738778607563,86.87295495268962,0.9437654313080557,1.793553968646469,1.475787801927126,14.80912113526046
478,8,69.55026782717815,0.2947059873935009,338.3120357672199,3.338121243735566e-05,0.35429703085865594,0.8265242101071704,70.29721860486359,70.61498477158293,83.63055193819692,0.7714062874891918,8.084293184965015,7.766527018245672,21.099860351579004
486,12,3.579341309588797,0.5059147975897763,305.8545842918151,22.659065744162792,0.0017538235135295627,0.9961559845239633,-16.544922120224392,-14.60529552107239,-10.830636405938677,0.9964685192828533,-59.97621251562037,-61.91583911477237,-56.20155340048665
488,11,1.9640456541130218,0.5282283620389144,311.8770097897046,100.0,0.007557022148838044,0.981656856385496,8.933681165839568,10.52526225703305,15.600347832506234,0.9845850132181091,-37.30667786157321,-38.898258952766696,-32.23159228610003
490,14,1.8897003010072189,0.5466029497596286,309.26427230669566,100.0,0.00506743265370537,0.9929750733884569,-0.5836656114379934,1.9725637070230402,3.860778833006451,0.993646861967128,-58.64918794043584,-61.20541725889687,-56.76097281445243
506,7,3.8212852884437254,0.2831272793295828,312.8149626426308,49.64115404984814,0.41076083012625303,0.7597961421573998,36.3821339364237,36.16577453264495,56.3821339364237,0.7145729779972165,9.799199927785047,10.015559331563793,30.015559331563793
507,6,5.014953005312995,19.84109254574084,283.37465031162657,19.600775443288768,0.1336327713199551,0.84624056024902,36.76661696302842,35.93365483994064,76.76661696302841,0.9402340981141535,3.3677849381102725,4.200747061198053,44.20074706119805
508,9,76.91006124414604,0.13772700338318514,308.735234467335,43.67405230179487,0.0014535739342829953,0.9839921276215049,40.80750016382912,41.596398473174,50.80750016382912,0.985541976642369,-42.24879904491,-43.03769735425488,-33.03769735425488
509,9,67.07637868593532,0.20478765584535966,311.9013769206458,56.59412009117692,0.023233776278350653,0.9008270158674839,65.8263685569181,66.61526686626297,75.8263685569181,0.9085996892411732,-17.304562953998754,-18.093461263343634,-8.093461263343634
512,9,68.56208161600048,0.19866181948682438,302.04862871896665,83.33937566413539,0.005105064676801476,0.9574130772575037,50.31129258380105,51.10019089314593,60.31129258380105,0.9572973175489274,-30.942928712264816,-31.731827021609696,-21.731827021609696
513,9,64.24296381971843,0.23115083462684297,310.0060748768427,10.336838179908316,0.023291228865854264,0.944836780275954,63.41168752131414,64.20058583065902,73.41168752131415,0.934318961187642,-17.28233518427529,-18.07123349362017,-8.07123349362017
516,9,65.29846066106785,0.3096267268090555,313.1685567449764,2.5126081469104524,0.008853978899184194,0.9668474822100204,61.93575290169452,62.7246512110394,71.93575290169451,0.9762025571335998,-25.98722423983463,-26.77612254917951,-16.77612254917951
517,9,69.98928840167339,0.2491920898417131,308.0392391681112,42.59659098393174,0.013487660910688357,0.9614408405694569,61.12664881727155,61.91554712661643,71.12664881727156,0.9558743744821511,-22.199049452006555,-22.987947761351435,-12.987947761351435
520,362,0.9846337956362587,0.43799711415499715,329.7921289688573,0.9788965311412859,11.417812864176742,0.6947931402896856,97.69379751858378,113.26037436588686,97.80584233651095,0.7368738653468875,-198.36390002707535,-213.93047687437843,-213.81843205645126
521,10,93.93919949850772,0.7030578177967695,303.2557163430598,100.0,0.12025956309522853,0.9720523402591621,102.60378786534608,103.81412823732227,110.60378786534608,0.9840546226905268,-4.61776835765988,-5.828108729636064,2.171891270363936
522,6,163.69365872004124,0.9558897738790499,303.0994019242829,100.0,0.07948212173248759,0.9908902569705496,72.27664012813756,71.44367800504978,112.27664012813756,0.9917205676436567,0.250404461119361,1.0833665842071412,41.08336658420714
523,42,38344.204075692964,9.11646190135559,274.83705555877276,8.648936613212513,0.6933510446339558,0.9492655638750127,-17.113646105783346,-10.162967632649872,-16.032565024702265,0.9618038192266827,-36.22180041128859,-43.17247888442206,-42.09139780334098
524,637,0.3967869354499395,1.5553348669160976,287.9513082805329,3.319150951153094,960.3911476129048,0.09154221041296096,553.6358332808504,571.4629119031391,553.6991244200909,0.0942225717779358,2097.088491406378,2079.2614127840893,2079.3247039233297
525,464,0.7943830443303688,1.055568346464219,283.00543238302,7.689265147904523,467.3041062912399,0.13718263720618595,283.8115875465976,300.3711257555026,283.8987335160965,0.1604291657186958,1346.6268947289548,1330.0673565200498,1330.1545024895486
526,287,0.33617051256722547,1.247390322179545,289.51189436795755,6.200404556993383,352.45487252488874,-0.06189597827150206,561.896371944958,576.5343008079965,562.0382159165893,0.1346770962316166,898.0700351477235,883.432106284685,883.5739502563163
527,406,1.080819136675508,1.0585825210946,292.80821398757786,0.1474968844937426,681.548880908421,0.2730399286624151,-210.16745108089276,-194.14203844248584,-210.06770045745137,0.182550656741978,1388.517516260647,1372.49210362224,1372.5918542456814
528,593,0.09574369234144775,1.9304799593267306,290.4055558330858,6.482960958104165,776.2998365769477,-0.08467583225398356,440.9345956426055,458.4753732385964,441.0026228534898,0.15315948846145255,1870.123127278576,1852.5823496825851,1852.6503768934695
529,380,1.5316993777439774,1.1055852075583859,300.8890750320598,0.010438436127861335,379.88864744273724,0.4216974024050486,-94.55288110930314,-78.79219609842141,-94.44621444263647,0.22451799996295807,1104.0426013709928,1088.2819163601112,1088.3885830267777
530,539,0.16357297003195093,1.6430378887302932,290.5611425242234,5.923455702964468,742.992194505821,-0.01498803461410425,958.8388654091027,975.9977276927387,958.9137717761439,0.2949934375019062,1729.7774140339268,1712.6185517502909,1712.693458117332
531,11,17.224871107904217,1.1724700865545714,288.5794472398462,1.7858959067344127,0.39014663151541396,0.7264845687001966,67.58038899024507,69.17197008143856,74.24705565691174,0.7612404299507833,6.077821865879272,4.48624077468579,11.152907441352458
532,10,6.706534295566062,1.4294209784288816,292.47746278906106,1.6146436258823476,0.1877122773313622,0.8861500089026084,61.42499253578079,62.635332907756975,69.42499253578079,0.9473843325407596,-0.1651891758520705,-1.375529547828254,6.624470452171746
533,7,10.878444411886756,0.4485028628874378,310.91063979493623,100.0,0.011341044972664497,0.9914568424920552,30.803591484717494,30.587232080938747,50.803591484717494,0.9931090412899736,-15.327878831941991,-15.111519428163245,4.888480571836755
534,7,10.385232749017995,0.6342310914446116,302.49328766274056,1.882433319709367,0.028058787219124356,0.9423083787496122,36.48203100922248,36.26567160544373,56.48203100922248,0.971012009362943,-8.98676496589777,-8.770405562119024,11.229594437880976
535,78,3.4606462553070263,0.5448099219319468,304.7719486687237,99.99497088882774,2.6551024089726414,0.6860453278537966,309.2056996745734,318.6325349813318,309.75364488005283,0.65470044391819,-22.876350361814556,-32.30318566857292,-31.75524046309347
536,8,3.9709133336391025,0.46635548208131966,312.11814597481,100.0,0.026141831062816312,0.9952815954817522,18.504559560066678,18.82232572678602,31.83789289340001,0.9894695853700323,-12.768497834881385,-13.086264001600728,0.2470693317326056
537,7,4.475503192384185,0.2903580414500784,312.9876525842394,63.41516467424189,0.09026181732486269,0.8355297784496529,30.100446245019796,29.88408684124105,50.100446245019796,0.9002397773722962,-0.8078762354739739,-0.5915168316952268,19.408483168304773
546,11,3.2884553150680373,0.5701593260775452,313.18561913933183,100.0,0.05313682780081563,0.9954919817689496,27.289991955005977,28.88157304619946,33.956658621672645,0.993047594647043,-15.852354570266101,-17.443935661459584,-10.777268994792916
547,10,4.227535350642432,0.6316468605536106,308.6015716555773,100.0,0.11337727731477401,0.9861095914802772,40.097402599115995,41.30774297109218,48.097402599115995,0.9851355984652087,-5.207082735665303,-6.417423107641486,1.5825768923585137
557,6,1.1683691832156857,0.2540827066046791,313.2921146046556,81.63359798552897,0.029160531321606065,0.9564350137631233,1.8787294808361192,1.045767357748339,41.87872948083612,0.9550273402378784,-5.765891446612763,-4.9329293235249825,35.06707067647502
560,6,0.8600042016287963,0.5739599208940241,307.35889321642793,1.3129483824192618,0.004363065849654169,0.9932695281232379,-7.7226663963066375,-8.555628519394418,32.277333603693364,0.995773351902699,-17.16373829324676,-16.330776170158977,23.669223829841023
562,6,1.113393717598521,0.25948448857304807,313.42698731920495,73.62844226750651,0.10607919035021168,0.8301882257768072,10.690871165092702,9.857909042004922,50.6908711650927,0.8659254047857996,1.9823271498864052,2.8152892729741854,42.815289272974184
563,6,0.8571003780285755,0.5108726895199317,310.3534209017267,1.3449925493279762,0.11137339633095379,0.8374914594457822,12.85752209594062,12.02455997285284,52.857522095940624,0.9030352864252371,2.2745427072857467,3.107504830373527,43.10750483037353
564,65,12.648768738532825,1.2981690748674217,276.87312050913516,0.8988577087355831,3.460988729685819,0.7106192964774183,235.59131777754882,244.28886685713138,236.25798444421548,0.7846342986748244,12.525415890706686,3.8278668111241387,4.494533477790806
565,24,4.590880365105271,0.30602231757823156,292.933686825387,20.89650151572358,1.359788752136748,0.019518707690534987,99.98384513590396,104.69606045729574,102.0891082937987,0.03518987509891358,13.92387758779096,9.211662266399177,11.316925424293913
566,12,3.527323215700578,0.3945863700024572,292.5499702995333,99.99997764153565,0.2577872820221558,0.12499084614234901,37.80417236449554,39.74379896364754,43.51845807878126,0.1029568147379043,-0.09217467048158134,-2.0318012696335828,3.6824844446521316
567,21,2948843010777.4326,39.99999943982296,278.3678747166929,39.29621476820087,0.4213021147624987,0.9426725956185735,45.77567558699606,49.95376533788975,48.27567558699606,0.9588853143365758,-8.313969945056828,-12.49205969595052,-9.99205969595052
568,7,4.746696,11.20474112690915,291.14926399999996,112.0474112690915,,,,,,,,,
569,23,1.367758132523695,0.9152206666721078,295.0883150788235,54.43808847118009,2.0335320933244705,0.3038355514115778,69.8032609746262,74.3452378383428,72.02548319684843,0.2079558142658744,24.021589681392005,19.479612817675406,21.701835039897627
570,32,1.4110525514217593,0.35691523673713327,300.03635036077026,0.0005410568905917779,1.00587080586073,0.5008389697950633,-9.96279631197918,-4.099852700780273,-8.481314830497698,0.4731056100730828,-4.04122267864218,-9.904166289841086,-8.422684808359605
571,31,0.7077539841537583,0.46924817559655074,296.0726425332125,18.331144909912393,1.471296486302609,0.45105136738469476,8.341884870655502,14.077833688596087,9.88034640911704,0.44368119117169846,9.226997779967979,3.491048962027394,5.029510500488932
572,24,0.9224762298340949,0.28518899663478486,323.2905957590714,73.6619132958991,1.1547347519512345,0.33818995217646075,10.532450677227539,15.244665998619322,12.637713835122275,0.343040037426951,10.00086896149163,5.288653640099847,7.393916797994583
578,12,0.4607304987408324,0.38992194862035096,308.5868001239584,100.0,0.6177908892412847,0.7072880871713276,6.942674126109567,8.882300725261569,12.656959840395281,0.7074668183255566,10.396008650124886,8.456382050972884,14.1706677652586
579,12,0.43548803153017474,0.6895221804533863,310.4688101481393,100.0,2.6851744194957545,0.6413875822640647,24.350242054315004,26.289868653467003,30.06452776860072,0.5493000686821513,28.02821983729246,26.08859323814046,31.802878952426177
580,12,0.41977587272277833,0.5569143788307138,310.52089562263825,100.0,1.1713542147526916,0.5298911415392578,15.514507359693031,17.454133958845034,21.228793073978746,0.6125257002494922,18.073197934477832,16.133571335325833,21.847857049611548
581,12,0.37088599617205364,0.5458221926635416,309.0368724616588,100.0,0.9868821361373608,0.6751957900132777,10.443111928382569,12.38273852753457,16.157397642668283,0.6955075809241491,16.01681564316554,14.077189044013537,19.791474758299252
582,12,0.606211160473783,0.5322540938356414,311.75703634641013,100.0,0.6289871695453308,0.824615787207482,14.962667936642283,16.902294535794287,20.676953650928,0.7632331827194136,10.611538550581749,8.671911951429745,14.38619766571546
583,12,0.00607082978947176,1.109456040908752,301.19560463026664,100.0,0.898771604747365,0.9847973115275952,-98.84109508564642,-96.90146848649441,-93.12680937136071,0.9307136451093816,14.894555619721052,12.95492902056905,18.669214734854766
584,10,0.016471083469329916,1.0033934387784056e-06,296.25270826010194,4.591139259572433,0.44966857510199215,0.5176496124794653,-75.60270657596814,-74.39236620399195,-67.60270657596814,0.674476632464288,8.570815432725972,7.3604750607497875,15.360475060749788
585,11,1.277897208419137,5.089677806630024,279.97240271558775,5.8704453796645435,0.5933778311808884,0.9528818637730619,-73.69279410149039,-72.1012130102969,-67.02612743482372,0.8792474589434057,10.690217582071092,9.09863649087761,15.765303157544277
599,6,0.8290237317138839,0.2608393495083659,303.6839085595411,100.0,0.083909677585786,0.8544052673515146,2.7231291012142353,1.8901669781264552,42.723129101214234,0.8702369808306224,0.5756575070669783,1.4086196301547584,41.40861963015476
600,6,0.5995862510397642,0.14155989015968215,305.5009402496968,91.05736387756184,0.06584828713590676,0.7027848628984046,-3.0679457307569162,-3.9009078538446964,36.93205426924308,0.7160466609574272,-0.8786677164082164,-0.04570559332043622,39.954294406679566
605,19,0.30784400852552996,2.296092993243061,277.6770451062006,1.7672647133675043,0.01537904919564387,0.9979924224527339,-108.51532358175214,-104.73756766508637,-105.65818072460928,0.998690457993994,-67.56715404097449,-71.34490995764024,-68.48776710049738
606,19,0.08933916764496251,0.4998870386922242,320.68253611197184,97.24140005208794,0.08780800462100104,0.9942688831008634,-88.58526584583137,-84.8075099291656,-85.72812298868851,0.9907288730765166,-34.466370085878005,-38.244126002543766,-35.38698314540091
607,19,0.10588188882707371,1.3563814670902217,281.96133274294834,1.0055228511790522,0.055281935535044194,0.9807364132466582,-90.38711665575498,-86.60936073908923,-87.52997379861212,0.9932172372929647,-43.25779307565865,-47.03554899232441,-44.178406135181554
608,19,0.06001093296797236,1.781075319214538,284.6982400496481,1.5086347335525392,0.039505668971456916,0.9863732748419174,-113.97303814525172,-110.19528222858597,-111.11589528810886,0.9942281621893077,-49.64183130877276,-53.41958722543852,-50.562444368295665
609,6,2.2239936904819055,0.3769941141837896,306.6747693474911,3.751905863483541,0.7547125165908256,0.6790815197786488,25.419868932602714,24.586906809514936,65.41986893260271,0.4109660305652091,13.755233210162931,14.588195333250711,54.58819533325071
610,6,1.064081202275735,1.4833525194374573,293.2333867928192,2.8630017093022238,2.0114187051549237,0.6320159235574025,24.696503024149585,23.863540901061803,64.69650302414959,0.38540003167211934,19.636785239329456,20.469747362417237,60.46974736241724
611,6,1.2804288289843317,0.26594786085940836,303.3159374930529,79.56124285253435,0.0536119587918092,0.9029518384374844,2.9498077260711337,2.1168456029833536,42.949807726071136,0.8948595971226281,-2.1121552840218136,-1.2791931609340335,38.720806839065965
612,6,1.1012302551654236,0.28837497174487,303.3791850275263,64.7072997870664,0.19219691067965636,0.6617422536401253,11.345326982321218,10.512364859233438,51.34532698232122,0.7469658031942947,5.548334323747644,6.3812964468354245,46.38129644683542
613,6,6.04683544944732,0.2781969682445251,304.01512157264244,14.530381814961034,0.018670157725686136,0.9652684192068312,16.737044241923066,15.904082118835285,56.737044241923066,0.9637013571811303,-8.441229780294726,-7.608267657206946,32.391732342793055
614,6,4.638164970484106,0.18494261378025953,309.39586599267693,85.34053320270607,0.22514264287287328,0.6537572085619341,26.706239836823208,25.873277713735426,66.70623983682322,0.5572971990116007,6.4976168040388025,7.330578927126583,47.33057892712658
627,6,5.657975102926539,1.059537510199202,293.848106753246,3.1955437508005615,0.39743985053537784,0.9034707481262776,29.898988126284074,29.066026003196292,69.89898812628408,0.8949587984627273,9.907473405526712,10.740435528614492,50.74043552861449
628,6,9.84309212559074,1.2957592321196834,286.03133880903994,1.5979145175550322,0.10232774280597894,0.926622579364621,26.857203788827043,26.02424166573926,66.85720378882704,0.9678332767173496,1.766296747305045,2.599258870392825,42.59925887039282
629,6,11.637700321524498,0.6846754651003804,298.1881409684165,100.0,0.1959100745120417,0.9102649364919075,39.06905272375759,38.23609060066981,79.0690527237576,0.9426618407096039,5.6631462887350885,6.496108411822869,46.49610841182287
630,6,7.352920439106112,1.0139076936906741,293.17298033830576,1.8751151604321374,0.13433963347850233,0.9538849482844476,28.506351155121532,27.673389032033754,68.50635115512154,0.9621727485697438,3.399438815242279,4.232400938330059,44.23240093833006
631,6,10.346966372292988,0.6742825258955742,298.17927403637896,100.0,0.19503555967365133,0.8793896442703593,38.74478988913028,37.9118277660425,78.74478988913029,0.9397818501472478,5.6363031815438465,6.469265304631627,46.46926530463163
632,6,6.097622777967347,1.353171363821718,293.25442106692776,2.8631901288690482,0.6972592153815441,0.8984705903434935,33.820396653241126,32.987434530153344,73.82039665324112,0.8419070909061226,13.280155245151116,14.113117368238896,54.113117368238896
633,6,8.557538696257971,0.676102849217125,298.1759494469888,100.0,0.27601130876030966,0.882565300526188,36.04640143989755,35.21343931680977,76.04640143989755,0.9166661961123937,7.719862817989054,8.552824941076835,48.552824941076835
634,6,7.407389187621349,0.6207342996721209,298.19525447634214,100.0,0.5010788740171138,0.770352747131347,37.44412303551219,36.61116091242441,77.44412303551219,0.8401010491870439,11.297792917275874,12.130755040363656,52.13075504036365
635,6,3.9496732624229756,0.7606847948100057,298.1855371608396,100.0,0.5684562019298417,0.8840790948559603,29.344247614014122,28.51128549092634,69.34424761401412,0.8768416614788963,12.054757398682044,12.887719521769824,52.887719521769824
636,6,2.3940783415979014,0.9259323890871914,298.1953692683973,100.0,0.05929534780171711,0.972715022064426,20.544741383959856,19.711779260872078,60.54474138395986,0.990761548313281,-1.5076031077978698,-0.6746409847100896,39.32535901528991
639,6,0.10791918138116197,1.1783735391240227,301.72258659960045,1.9684742276426688,0.1498008493657707,0.9611359109108853,-4.702654495863774,-5.535616618951554,35.297345504136224,0.9654118447193608,4.0530522325002245,4.886014355588005,44.886014355588
640,6,0.2631720026287637,0.6738877647040555,308.2709688112122,100.0,0.22265034679793114,0.9872374473308885,-4.366578152308422,-5.199540275396203,35.63342184769158,0.9329801961469912,6.430827322260079,7.263789445347859,47.26378944534786
641,6,0.9160641126393735,0.2602822181192536,318.8535635905203,5.11940945617416e-05,0.059760016869929114,0.9160693334517837,-4.794626802363309,-5.627588925451089,35.20537319763669,0.8976604736423913,-1.4607672751777443,-0.6278051520899641,39.37219484791004
642,6,0.2607256841316074,0.4524692695182448,308.49027375310266,100.0,0.276620991303428,0.9217590519943352,-2.321761644509243,-3.154723767597023,37.678238355490755,0.8495211693723453,7.733101627021419,8.5660637501092,48.5660637501092
647,6,3.6387300136025367,0.373253322551035,303.6528764508645,22.050962719139175,0.3018969080662428,0.7175327519451904,29.63362600699405,28.800663883906267,69.63362600699405,0.7525189909463964,8.257725356574216,9.090687479661996,49.090687479661995
648,6,1.4677790305752938,0.7730249921790414,303.180366881465,100.0,0.4101181536012109,0.8562043921814289,24.632471386422175,23.799509263334393,64.63247138642217,0.9031881010777646,10.095883572293708,10.928845695381487,50.92884569538148
655,9,0.10138548963193196,1.2582544181995143,287.72326141745344,0.9222694784889124,0.006117343282038051,0.9969340756771989,-36.17146249128444,-35.38256418193956,-26.171462491284437,0.9986399058483102,-29.314875717552155,-30.103774026897035,-20.103774026897035
656,8,0.11304945207203707,0.3982392009263205,320.44741275120003,100.0,0.09220941850201031,0.9721746613990739,-22.491390998799087,-22.173624832079746,-9.158057665465753,0.9594943921051121,-2.6842936409375877,-3.0020598076569307,10.331273525676403
657,8,0.027911928994394264,2.1104131396878056,290.279099496323,1.7250164020702983,0.0036392378506820986,0.9976791622312386,-34.085874622981606,-33.76810845626226,-20.75254128964827,0.9988012387948255,-28.54259764294566,-28.860363809665003,-15.527030476331669
799,11,0.4661901143921002,0.4103818015645889,340.3828715804858,14.600359879816313,0.05979913238304056,0.9777398346379975,-11.313319423949995,-9.721738332756512,-4.646652757283328,0.9797470236045334,-14.553024573617495,-16.144605664810978,-9.47793899814431
800,11,0.6309996188328684,0.5497174939344254,312.36970159951136,100.0,0.18831803327740734,0.9816988311750084,2.7580048072864862,4.349585898479969,9.424671473953154,0.9640250340980309,-1.9344730485136523,-3.526054139707135,3.140612526959532
801,11,0.7232990409492115,0.4592696997830531,314.8036444223957,100.0,0.06285298496502272,0.987943665858586,-4.137390246743969,-2.5458091555504865,2.529276419922698,0.9829479329004679,-14.005144546650232,-15.596725637843715,-8.930058971177047
802,11,0.6290778215518351,0.5141379148709858,312.3135205181115,100.0,0.02629221409796589,0.994779316931634,-14.541660305522125,-12.950079214328643,-7.874993638855458,0.9939137963843336,-23.591925859914802,-25.183506951108285,-18.516840284441617
803,11,0.6996590783730755,0.5023091366874994,312.4296569034003,100.0,0.04275326856390811,0.9943594014295434,-11.07298271611252,-9.481401624919037,-4.406316049445853,0.9900804304367223,-18.244025096840886,-19.83560618803437,-13.168939521367701
838,6,2.2072805773931368,0.325500646456983,310.57937569906693,0.00010924158889205119,1.4669985786021538,0.4055054031500227,30.742933666876063,29.90997154378828,70.74293366687607,0.35851668070987686,17.74305464147409,18.57601676456187,58.57601676456187
839,6,0.4852673318851648,0.6800343262858122,315.83028031966194,100.0,0.2930192772290692,0.8979023930143172,21.05105973598666,20.21809761289888,61.051059735986655,0.9243199364071947,8.078642182768196,8.911604305855976,48.911604305855974
840,6,0.5821841089408272,0.4026851235479244,318.39868291476705,100.0,0.18051065261142563,0.8041586718917992,14.236107918904992,13.403145795817212,54.23610791890499,0.8742439383853631,5.17195054572295,6.00491266881073,46.00491266881073
841,6,2.085524979270343,0.21472202131761686,317.5784306381205,3.256602452833837e-05,0.7227527710199214,0.4202691141712247,20.097846751352336,19.264884628264557,60.097846751352336,0.3305185584396151,13.495615075412065,14.328577198499845,54.32857719849984
847,14,0.13909949264138238,1.3449749573157272,297.2919859236994,1.8057935387767365,4.651472161548552,0.9069442737671412,-7.860593080039607,-5.304363761578573,-3.416148635595162,0.8492375599343474,36.860278320833935,34.304049002372906,38.74849344681735
848,14,0.035031793729306475,1.2723380626536631,295.24048745648196,1.2447757818235714,0.5067169145116619,0.9625647810122547,-60.75997713679202,-58.20374781833098,-56.315532692347574,0.9784316930702884,5.822466638692264,3.2662373202312303,7.710681764675675
849,14,0.01896411565222315,0.9775740727487618,305.0968396427623,1.666854580718189,0.29530430166072985,0.9819811200632438,-83.74888979739126,-81.19266047893022,-79.30444535294681,0.984981718669709,-1.7367792919436784,-4.293008610404712,0.1514358340397326
850,13,0.4724815566227602,0.3709072602171002,315.5484909477863,100.0,0.12047301585248338,0.9692769067983645,-15.544202669155649,-13.284405239309502,-10.544202669155649,0.9719801266847178,-11.704425671347943,-13.96422310119409,-8.96422310119409
851,13,0.025396401867375903,1.0387742352685947,309.65912704806067,100.0,0.9821407426395908,0.8347122506645448,-21.91861306180157,-19.65881563195542,-16.91861306180157,0.9681758208177867,15.57358908626857,13.313791656422424,18.313791656422424
902,6,1.6462959358232825,0.4600775004775464,308.28372240677186,100.0,0.008298525860541311,0.9939636419300715,2.678214688429339,1.8452525653415588,42.678214688429335,0.9940986924397968,-13.306320862703855,-12.473358739616074,27.526641260383926
903,6,1.419119641742993,0.37788269420742754,309.4720232051684,99.99697888737835,0.021565174947788902,0.9822075150662407,5.265832521450433,4.4328703983626525,45.265832521450434,0.9808587631932688,-7.576309758011128,-6.743347634923348,33.256652365076654
