id,n,quad.a,quad.b1,quad.b2,quad.Rsq,quad.aic,quad.bic,quad.aicc
3,10,-0.0046961635189070585,0.2621535892010216,-1.6508035736538234,0.4140718807222412,-0.8101930531248431,0.09756222585729457,3.189806946875157
4,7,-0.006857526447603086,0.43255709203993814,-4.985452120360116,0.9825589950342594,-12.470233832530766,-12.632503385364828,-4.4702338325307664
8,8,-0.02362707738095222,1.4481041686507836,-0.8592129345236292,0.993326728318426,-1.9344541591490838,-1.696129534109577,4.065545840850916
9,11,-0.10783826983933743,6.6841432067911235,-72.5879752369858,0.6210152710503571,53.026451539406494,54.220137357801605,56.455022967977925
10,11,-0.2699718356889462,18.30031616234383,-256.77244804970303,0.38022808418594856,67.14426922977424,68.33795504816935,70.57284065834567
11,8,-0.0008404761904761907,0.05053571428571429,0.04208333333333308,0.8225886082176004,-3.0971258557018047,-2.858801230662298,2.9028741442981953
13,14,-0.09740677406999104,7.254332314350779,-36.333759575966724,0.923852508444934,99.84701631164002,101.7641883004858,102.24701631164002
15,16,-0.06024958602976325,3.8074406376451937,-4.4514713053823405,0.9612324885923543,68.80060020329859,71.11836637001792,70.80060020329859
17,7,-0.007339333344608366,0.3824211762988111,-0.16456426080485598,0.7061598573732272,25.024859051124697,24.862589498290635,33.02485905112469
19,7,-0.007978918595330248,0.3143142786844868,0.8694242426319408,0.9105405303996998,9.936789076085516,9.774519523251456,17.936789076085518
21,7,-0.003777219352545335,0.1249636531594075,1.0448475977625922,0.9611929675140938,-12.451036286799024,-12.613305839633085,-4.451036286799024
23,7,-0.021677556552808973,0.6628313607819731,13.379733033955132,0.9765496621942457,25.321079048960137,25.158809496126075,33.32107904896014
24,7,-0.04156027789990436,2.2469451206579545,-1.6843225035547105,0.9913259069392407,18.3404958013222,18.17822624848814,26.3404958013222
25,12,-0.43186901852056436,20.234935123560216,-128.52887083108777,0.9727414524873128,77.61753010215271,79.07225005151672,80.61753010215271
26,6,1.4448668571428533e-05,0.00022095352285714356,0.012979393314285725,0.43041193923441723,-31.24293116448544,-31.867652756801277,-19.24293116448544
29,8,-3.6675623851774564e-05,0.002435155656326838,0.011061116945372285,0.7324581048311014,-46.49671539345374,-46.25839076841423,-40.49671539345374
32,8,-0.0005765189443036091,0.019460734111185686,0.025659617166219232,0.6476429151625258,-18.235031465432055,-17.996706840392548,-12.235031465432055
35,8,-0.0005640459425141666,0.020316934595793156,0.04266305959190758,0.5720089442013938,-16.359664892994846,-16.12134026795534,-10.359664892994846
36,6,-0.00032244814428571556,0.010803707518571477,0.021703187799999635,0.2685644899208697,-15.594543879138122,-16.21926547145396,-3.594543879138122
38,8,-0.0006055256764257549,0.023606594489075573,0.01972918352586382,0.7142658924334095,-19.368944992222193,-19.130620367182686,-13.368944992222193
39,6,-0.0002478677678571433,0.010914178160714301,0.008955227499999855,0.5680791836621022,-21.08445457759249,-21.709176169908325,-9.084454577592489
41,8,-0.000871826238346258,0.03266830176275229,-0.0183304895122282,0.87871634878091,-22.662544812058297,-22.42422018701879,-16.662544812058297
42,6,-0.0005313730450000007,0.017566906455000027,-0.00924535290000035,0.5512533198377211,-16.683082387764536,-17.307803980080372,-4.683082387764536
44,7,-0.0007591177592263205,0.024059813911598355,0.07553968976709724,0.5410338289434051,-12.307256936450614,-12.469526489284675,-4.307256936450614
47,7,-0.0014426916059408642,0.04233973389454929,0.036097325614169104,0.9129139540067719,-18.48335044815038,-18.64562000098444,-10.483350448150379
53,6,-0.02640364508624561,1.110606751522966,5.596526910546229,0.9892298694330763,20.021563205094186,19.396841612778353,32.02156320509418
54,6,-0.01830681173155326,0.8316950085057633,4.029259905450089,0.9893690887099388,17.333843793835698,16.70912220151986,29.333843793835698
55,6,-0.029701183769260994,1.1359019252481664,6.595532700996669,0.993591198760008,16.734965546993237,16.1102439546774,28.734965546993237
56,6,-0.016444673661149555,0.7550562686215573,3.7559919923927714,0.9482246709947136,26.467581492036658,25.84285989972082,38.46758149203666
57,6,-0.01766949171400033,0.9102525908155277,3.0963686139665136,0.9468910795571388,28.894710372743596,28.26998878042776,40.894710372743596
58,7,-0.018565255739611722,1.0990850128203493,4.323392658966481,0.9637870335803106,32.82057486603682,32.65830531320277,40.82057486603682
59,7,-0.005780636736796713,0.19602464682393392,0.8985289313176327,0.87924604531072,10.490361889924126,10.328092337090066,18.490361889924124
60,9,-0.008184300485442516,0.6957909539015633,3.040426978619005,0.9655088368584958,35.297100156737464,35.88877388874612,40.09710015673747
65,8,-0.021864632610522215,0.7932841368323853,5.596074099370555,0.9957457342281131,11.931806579341954,12.17013120438146,17.931806579341952
66,6,-0.020145102885377596,0.6566804677373292,5.466972726547699,0.9982440141623788,-0.08038048511778761,-0.7051020774336223,11.919619514882212
68,6,-0.03588736735674903,0.9375686168753333,6.166762251837862,0.9878784046552389,16.62015477075208,15.995433178436246,28.62015477075208
69,6,-0.026879743736783084,0.7886103210114275,4.049847240454536,0.9848055872202506,14.970239403066246,14.345517810750412,26.970239403066245
70,6,-0.02701853280414137,0.9895351591939751,3.8062908963514803,0.9527084390910334,25.164086277344563,24.53936468502873,37.164086277344566
71,7,-0.021664723770216967,0.6716460703666055,3.8087583253783897,0.9882580849767036,11.941982362638917,11.779712809804856,19.941982362638917
72,7,-0.018438662049273975,0.7124634527119379,3.9631384880505256,0.9838645378635427,16.364939151913024,16.202669599078963,24.364939151913024
74,7,-0.020730525875908238,0.7179025809563467,5.255053322891898,0.9773577947164038,18.428243023768204,18.265973470934146,26.428243023768204
75,6,-0.018680575617198752,0.5328599372757429,3.7199069453735105,0.9854958074764573,10.185025277000012,9.560303684684177,22.185025277000012
76,9,-0.015584012865800858,0.7722859939567099,-1.5344990857142855,0.9766448333228759,14.783413088956603,15.375086820965262,19.583413088956604
77,7,-0.01803873428571432,0.9242410528571453,-2.7651520428571876,0.9725780156374884,14.065741742118808,13.903472189284749,22.06574174211881
79,9,-0.0222388243432296,0.9203942887963055,4.020234416172441,0.9963836699491845,9.220212580080211,9.81188631208887,14.020212580080212
80,7,-0.05903004078157779,2.680020450746356,4.651496397295251,0.9645551124916729,35.685344299298364,35.5230747464643,43.685344299298364
81,7,-0.07508691513265878,3.8534148638213876,-3.526588450119782,0.9239865158578495,46.42786461312038,46.265595060286316,54.42786461312038
83,8,-0.00252991542747129,0.12427110306964109,-0.4363687674222898,0.8045932006937354,3.6530599672931743,3.891384592332681,9.653059967293174
84,9,-0.0005786999636522791,0.017860882494225207,0.39821882144488435,0.8547162378816131,-13.257345500900236,-12.665671768891578,-8.457345500900235
85,7,-0.005703225891895427,0.17203525878649492,1.395799274479336,0.9377717659486308,-4.254313387582393,-4.416582940416453,3.7456866124176074
107,19,-0.11199607595756064,8.624438755792085,-87.5484829357402,0.896278771001469,137.1815072289756,140.0148241664749,138.78150722897558
109,6,-0.034957093571428725,1.696239342142864,-5.036598671428634,0.9611514860060076,16.38377503460167,15.759053442285836,28.38377503460167
110,7,-0.008869614658964721,0.3697276320022149,0.9505235558837453,0.991702165633588,-9.531397378702405,-9.693666931536466,-1.5313973787024047
112,8,-0.00936364815560167,0.38524502453275905,-0.21315110277485047,0.9610909225908432,1.002899202988738,1.2412238280282448,7.002899202988738
114,7,-0.00756793746789873,0.3262014770145909,-0.28674891798000546,0.9798750329152917,-5.847924605657816,-6.010194158491877,2.1520753943421838
116,12,-0.0050599816592639905,0.24887283011549569,-0.08465331056382407,0.9788789472324113,-9.50734529525048,-8.05262534588648,-6.507345295250481
117,14,-0.005332327504361129,0.30610649422703623,-0.499774016137739,0.9171889286803594,5.159802399547694,7.076974388393468,7.559802399547694
118,14,-0.004833085088855435,0.32040652882204324,-0.5203637742609877,0.929926484816212,5.731953429678305,7.64912541852408,8.131953429678305
138,7,-0.09128303984019821,6.318358132850975,-76.72481575239225,0.9049304507808049,35.499727925537336,35.337458372703274,43.499727925537336
139,8,-0.20264576690515115,12.218658951440881,-129.93189571583127,0.9347431518280007,43.365655863658105,43.603980488697616,49.365655863658105
140,10,-0.2162102941559244,15.361380797849016,-204.52913705927605,0.9141078383734424,68.25008205305724,69.15783733203938,72.25008205305724
141,8,-0.018603946591949302,2.3145103815819934,-12.311306860904057,0.9455451118202546,52.80623596756426,53.04456059260377,58.80623596756426
142,16,-0.07748991123949735,4.380272864390862,-45.74300489464461,0.9901704287818547,18.409184506105973,20.726950672825318,20.409184506105973
143,8,-0.01551269832604399,0.6391535502078022,-2.577344888924173,0.722474301493709,25.542877459776427,25.781202084815934,31.542877459776427
144,7,-0.16800000000000037,8.261428571428581,-11.37142857142858,0.720697076320514,63.98321300338486,63.8209434505508,71.98321300338486
146,7,-0.08161904761904779,5.097619047619051,-3.4142857142857026,0.9802515984102298,42.22101305787339,42.05874350503933,50.22101305787339
148,8,-0.1371904761904766,9.129285714285732,-49.80000000000024,0.8874518313907452,72.10074801323806,72.33907263827757,78.10074801323806
158,8,-0.02430549246665091,1.08480327712067,5.0971351401084375,0.9427682949837524,24.74701368014734,24.985338305186847,30.74701368014734
159,9,-0.027754503433585046,1.5380121033855898,-2.690648141759698,0.9685965797158083,29.78268376126642,30.374357493275078,34.58268376126642
160,8,-0.023272962353350878,1.1432510059744792,1.6408224711292052,0.8606468082005436,33.07361662741707,33.31194125245657,39.07361662741707
161,9,-0.018215556459102243,1.02981684054501,0.5287440906126962,0.9285605287708696,29.39884511027685,29.990518842285507,34.19884511027685
162,8,-0.022221699926346202,1.0398508411087748,1.3985473726530504,0.9306064899766837,25.31363157702652,25.551956202066027,31.31363157702652
163,8,-0.01007367344773086,0.5505677028502344,2.9188773119004385,0.8942577253706515,20.181318038537764,20.41964266357727,26.181318038537764
164,8,-0.03256099096222337,1.543930973346257,-1.607509684190876,0.9830268219107068,19.840378464333142,20.078703089372652,25.840378464333142
165,9,-0.017201636106493293,0.9415045474037791,-1.426689824980581,0.983985834342513,13.92729922518194,14.518972957190599,18.72729922518194
166,7,-0.03357231839091053,1.7178674645339256,4.21510713707802,0.9644325870911854,26.67632420045426,26.5140546476202,34.67632420045426
167,9,-0.03944918735446188,2.183784348413505,-4.25848215175954,0.9129491774442928,45.98476589075564,46.5764396227643,50.78476589075564
168,8,-0.03613948302656325,1.8052131403642837,0.23038687228268012,0.9690070704277512,27.288917609981777,27.527242235021284,33.28891760998178
169,8,-0.02922478540726128,1.6253574457223907,-1.601805575748975,0.9917247963901138,15.8798011888608,16.118125813900306,21.8798011888608
170,7,-0.02431611816110265,1.2416639954986366,4.362311362895842,0.9564465370317363,24.299775411490764,24.137505858656702,32.299775411490764
171,8,-0.018311874514334154,0.9066378350819297,4.143731356819415,0.9139108351750028,24.4270347355821,24.665359360621608,30.4270347355821
172,7,-0.03798482333159825,1.9978308728102308,-1.9664218951159766,0.9660324489061876,28.759983717435894,28.597714164601832,36.759983717435894
173,8,-0.029883734432819862,1.5613840103109509,-4.078112982069208,0.8980231026266328,35.89337087458466,36.13169549962417,41.89337087458466
174,7,-0.03780443970025008,1.687461915234983,-2.064969667211086,0.9054809745985075,30.513055151512457,30.350785598678396,38.51305515151246
175,7,-0.022516000459822508,1.0064328092244432,0.05861405524614127,0.9925296533221897,4.998194303839432,4.835924751005371,12.998194303839432
176,7,-0.015996239999465107,0.6591409011948328,-0.2273917284327599,0.9478429213128995,12.050590217274308,11.888320664440247,20.05059021727431
177,7,-0.022394384825751887,0.9639317634196015,-0.01955597611441861,0.9585418219611608,16.13301429559248,15.97074474275842,24.13301429559248
178,7,-0.024117015882975205,0.987451197410933,0.9224044652570568,0.9920662606944596,4.5644009395116445,4.402131386677584,12.564400939511644
179,7,-0.02597468050653834,1.1839942835522264,0.8135247324827604,0.914891849020119,25.049002523851364,24.886732971017302,33.049002523851364
180,7,-0.02196957684913298,0.8854036801539952,0.9059362542847527,0.9586372209677643,14.790984201430817,14.628714648596755,22.790984201430817
181,7,-0.01849872724206002,0.7961050048480378,0.63504185482918,0.9423553361671103,16.046297233112014,15.884027680277953,24.046297233112014
182,7,-0.03411121713168845,1.4704969111927217,-3.306111863272647,0.9488614832545655,23.64558771660657,23.48331816377251,31.64558771660657
183,7,-0.02001926121217336,0.8108861743640214,0.7243911402397375,0.966993402757348,11.926857596668235,11.764588043834173,19.926857596668235
202,6,-0.005316784070664654,0.2915394089812595,-1.2779641383645313,0.9973509802954834,-27.292046156828555,-27.91676774914439,-15.292046156828555
204,8,-0.005015565823942236,0.2816228885655307,-1.504011392013373,0.9698839392039005,-2.4468173830165725,-2.2084927579770657,3.5531826169834275
205,14,-0.006658332560191403,0.42448685262205377,-4.095006198299593,0.9578609618959616,-7.951724930333189,-6.034552941487414,-5.551724930333188
206,25,-0.004444188322459357,0.3123784685212726,-3.195739189662648,0.8835768611162454,-6.643521419007287,-2.986893944402686,-5.500664276150145
210,6,-0.2185873120112062,9.720502570583628,-0.8716195821086231,0.7387879005518988,60.02919557791806,59.40447398560222,72.02919557791806
211,6,-0.06308532206139793,2.862798570983474,8.947550609958599,0.7769165570649181,44.36570143683129,43.74097984451545,56.36570143683129
216,6,-0.005483926033114901,0.22432043713408806,-0.8640746007821979,0.8784893543044929,1.8722122681835849,1.2474906758677502,13.872212268183585
243,7,-0.2109298887230293,13.875280883390277,-165.77636148954252,0.9680043450927632,46.3593776128684,46.19710806003434,54.3593776128684
244,6,-0.08523596362081617,5.02837863516765,13.43440775531097,0.973087689365758,32.25312748636996,31.628405894054126,44.25312748636996
247,7,-0.23628790110403436,17.03816767112041,-206.07206746819023,0.6420166957910403,65.59669949607111,65.43442994323705,73.59669949607111
256,8,-0.004444891543440325,0.1929325135208906,-1.343829228926601,0.5092095790008722,10.071830282276307,10.310154907315814,16.07183028227631
257,8,-0.0046463702981538995,0.20975729450280867,-1.039771510666978,0.9153165530619335,-9.319373540282651,-9.081048915243144,-3.319373540282651
258,8,-0.0240473317654262,1.0378103379536894,-8.590721983893646,0.7972453625379565,20.386346016847714,20.62467064188722,26.386346016847714
259,8,-0.018960823275259435,0.8377704325531778,-7.113104622174854,0.7772675849005057,16.982438875673388,17.220763500712895,22.982438875673388
260,8,-0.010893789367974017,0.4783963103885346,-3.226500723218927,0.39172419699561833,27.8620036956767,28.10032832071621,33.862003695676705
266,6,-1.1931236449302975,70.68674196087505,-864.2744955915854,0.9258252242259533,51.71667866534823,51.0919570730324,63.71667866534823
269,9,-0.5040041246987734,30.00432539187877,-329.4409595292917,0.9110602338843117,66.8305703753548,67.42224410736344,71.6305703753548
271,10,-0.5431146085803402,32.173163712982074,-328.357065346331,0.9548323136117995,77.99055323805891,78.89830851704104,81.99055323805891
274,6,0.4589439597470395,-3.6837470783682007,43.58150211664231,0.9707902453702153,59.087077695344036,58.4623561030282,71.08707769534404
275,6,0.046986338027715,15.237239717615624,-178.31567084455426,0.998657453367456,39.00608859792903,38.38136700561319,51.00608859792903
278,45,-0.001380390386434834,0.076850863565856,-0.20235887386700907,0.6363372562640349,-27.684183328975358,-22.264195859664397,-27.09881747531682
279,7,-0.0007186845753489085,0.02926424338077054,0.15674553978084987,0.7133261888701055,-24.87373142847854,-25.0360009813126,-16.87373142847854
280,7,-0.0009078265541590706,0.044603430952981714,0.06546382453545577,0.78473763652358,-15.467192169827452,-15.629461722661514,-7.467192169827452
281,20,-0.01700297935779719,1.1087947682384087,-0.9237499411277741,0.6132102314826997,103.6323657503572,106.61956257101917,105.1323657503572
282,13,-0.019581173347563093,0.7750211681610049,-3.509542397844914,0.7471553019494369,41.24290305134054,42.93775112372515,43.909569718007205
283,14,-0.017338187973937876,0.6043949071947626,-1.2501629742662415,0.6314909893245443,38.7478540289586,40.66502601780437,41.1478540289586
284,13,-0.02251250083172486,0.738212462399707,-3.4632620936410197,0.6546628177498448,35.083137880327115,36.777985952711724,37.74980454699378
285,13,-0.011767104605655703,0.4468252369363405,-2.2338745428180613,0.7563252912918068,23.89432475034954,25.58917282273415,26.560991417016208
286,10,-0.018997339438228792,0.6049717166844447,-1.328966056149955,0.746580619046836,18.52769325273135,19.435448531713487,22.52769325273135
287,15,-0.01183993411213888,0.49259523223088225,-2.18348355513556,0.8816242791301694,22.516023538229707,24.640174141536335,24.69784172004789
288,12,-0.014409589471954507,0.5475119760844184,-2.9107977143386363,0.5913975223666874,32.96895609516476,34.423676044528754,35.96895609516476
289,14,-0.00988407037765975,0.42218252857476324,-2.1484198839585584,0.6277963054858462,39.15909287247117,41.07626486131694,41.55909287247117
290,6,-0.09084636986472401,4.795753162916071,-28.68306405905667,0.9789933952513268,27.555090629664917,26.93036903734908,39.55509062966492
296,9,-0.07104870682494532,1.7827902563223197,46.416065154104494,0.6966094224833705,83.81487238796937,84.40654611997803,88.61487238796937
297,9,-0.00012729926174044381,-0.013448601167135909,1.407333043710348,0.4115515846906359,12.081752500077089,12.673426232085747,16.88175250007709
298,7,-0.048058119031684374,1.8774627179135186,-5.827263139231586,0.8946960096360279,32.67350576732191,32.51123621448785,40.67350576732191
299,7,0.00040441822208942593,-0.017668546232809907,0.29739799536004485,0.32575796344191477,-13.258124098503874,-13.420393651337935,-5.258124098503874
300,8,-0.11466824806505062,5.287669476363704,-25.14310124598673,0.6852246844428744,65.95645401551997,66.19477864055948,71.95645401551997
301,8,-0.007490570076888606,0.3322995025210793,-0.13900990708852623,0.7417186244582197,19.771043601803893,20.0093682268434,25.771043601803893
302,20,-0.13107111197936458,8.020199505092112,-55.84574528772118,0.700637879598043,146.76876818628168,149.75596500694365,148.26876818628168
305,6,0.0027819946647714127,0.861533321402177,-5.258212640111137,0.9942348422466705,19.703413500894275,19.078691908578442,31.703413500894275
309,26,-0.019951884607995612,0.9523154885622988,-3.808972884994863,0.9022629328201184,45.714148760230394,49.488438374294844,46.80505785113949
310,26,-0.033406259275880826,1.9144802848316,-11.782386899275883,0.9684295783981444,55.470926858645626,59.24521647271007,56.56183594955472
311,26,-0.043080775599722565,2.8193770405610854,-21.472238946796526,0.9615941499807815,97.16547021010517,100.93975982416961,98.25637930101426
312,28,-0.09131319705048188,-0.7228817580202554,2.150769649624716,0.1346197487431764,99.90851236125977,103.90512589178537,100.90851236125977
313,23,-0.13209422269064428,-0.9258851895212206,0.6714199006569316,0.190824250652745,63.002147759038664,66.40863040682612,64.2653056537755
318,359,-0.018284063675099906,0.7722697913601315,0.3321865156917584,0.5301219330598472,1282.1475537772233,1293.7975209426882,1282.215159411026
322,24,-0.018748389050858925,0.7783873270730132,-1.9979037670021031,0.43533389921108545,61.92645503806098,65.46061652910481,63.12645503806098
323,33,-0.015630792035268095,0.8907963410042187,-6.506689388363455,0.20255696048545702,129.56387201186422,134.05339469626367,130.39145821876076
324,12,-0.00228947220958691,0.2387994834484295,-2.7904759319773027,0.9623823556476546,3.4664731158156883,4.92119306517969,6.466473115815688
325,7,-0.003199385537373827,0.15350609368792634,0.22203017732166147,0.92801269380234,0.3275544095331018,0.16528485669904125,8.327554409533102
326,8,-0.041101954238953846,1.9669612637169716,0.03480308362951276,0.979675384430288,25.107587626748824,25.34591225178833,31.107587626748824
327,9,-0.03010197578958027,1.2849231146629763,3.6423488398452917,0.9878281276318218,9.734263808466261,10.32593754047492,14.534263808466262
328,8,-0.02085732021630041,2.2736243713083044,-6.905495162352794,0.99565282919784,27.79073883571032,28.02906346074983,33.79073883571032
329,8,-0.015026717320686575,1.3394330867469282,1.4118378854073135,0.9891603993722141,24.21544280427607,24.453767429315576,30.21544280427607
330,7,-0.031126964087509982,3.354688330701156,-14.36536571892957,0.9656363526047301,43.6515403393751,43.48927078654104,51.6515403393751
331,7,-0.07052219609113919,3.8338510038634546,-12.661263095388788,0.9992625661071456,7.263838520376829,7.101568967542769,15.26383852037683
332,8,-0.06384659357321591,3.427458486035686,-0.38145916488326176,0.9701270132871026,41.74420457541855,41.98252920045806,47.74420457541855
333,8,-0.04847158620112337,2.1687662157630063,6.421754415338235,0.9827940328908701,25.292755307974254,25.53107993301376,31.292755307974254
334,8,-0.10098752799879446,5.177564110897499,-10.399163472914765,0.9718666049937769,43.17672261005583,43.415047235095344,49.17672261005583
335,8,-0.06312130166002045,2.8606086976189538,5.04607486893098,0.9552193433540362,33.798627736816144,34.03695236185565,39.798627736816144
336,8,-0.011173130698616307,2.4550291464151295,1.6089451537186295,0.9678835334144539,49.486364029583356,49.72468865462287,55.486364029583356
337,9,-0.03989441983405713,2.4747646874124882,4.486324066070398,0.9885669243234838,34.39334063097934,34.985014362988,39.193340630979336
338,8,-0.021363509776602743,1.1421895446160126,-9.20772231898187,0.7354520315723547,36.9209324960144,37.159257121053905,42.9209324960144
339,8,-0.019836389887236808,1.0772356932971043,-8.928221268206478,0.6064566437266797,40.88637074763451,41.12469537267401,46.88637074763451
340,11,-0.0009462071656372676,0.06314316225458518,-0.19311692253152082,0.8537078249988044,-8.670391030037695,-7.476705211642583,-5.241819601466267
341,19,-0.0019339133300579872,0.1271391601281682,-1.247834354644628,0.8202370850073609,-20.937551111118395,-18.104234173619076,-19.337551111118394
342,9,0.028410256410256074,2.910358974358992,7.978461538461321,0.917103130639006,72.03139577704887,72.62306950905753,76.83139577704887
344,9,-0.19979487179487185,12.30117948717949,-52.92076923076931,0.5758294761879752,83.59237718011853,84.18405091212719,88.39237718011853
347,8,-0.16661852851794384,8.300180447293066,-10.841508703970382,0.8150465419567148,75.26159799314622,75.49992261818574,81.26159799314622
348,7,-0.20837395151515473,12.339239681732101,-90.55425134689429,0.9318512997829967,58.99993568629547,58.83766613346141,66.99993568629547
349,6,-0.2056028085888864,12.03996685671386,-86.57523317541259,0.9440015203371873,50.78957363199814,50.1648520396823,62.78957363199814
350,6,0.022001302245112354,2.830396397853241,-45.245737051599356,0.9844638094070591,41.8023808096631,41.17765921734726,53.8023808096631
363,8,-2.929744808911771,141.40279959179642,-747.4713699786599,0.7097155059418209,117.56452337973009,117.8028480047696,123.56452337973009
364,7,-2.1220173845593844,96.27411607004193,-318.88473847550716,0.6835225457186211,100.39293185898039,100.23066230614633,108.39293185898039
365,7,-0.0007095149510981697,0.018044011353358137,0.352967974514307,0.7171834226445453,-9.581595085388795,-9.743864638222856,-1.5815950853887948
366,7,-0.0016046341511952447,0.06766655422642896,-0.12838306959107101,0.8577198231852211,-16.842464128611134,-17.004733681445195,-8.842464128611134
373,8,-0.024853246695804115,2.0408886635899868,-29.991188410935038,0.7819672080065122,42.43854799075157,42.67687261579108,48.43854799075157
374,7,-0.0056952593790537825,0.2525432145691967,19.766142115483458,0.5055588049989741,58.161038733581265,57.9987691807472,66.16103873358126
375,7,-0.02160185118703369,2.1166369747822382,-33.22072896046931,0.7045414523013808,50.91069655873275,50.74842700589869,58.91069655873275
376,7,-0.02706737175365851,2.057297501537009,-11.223749098127284,0.39364391173465685,65.28104265191618,65.11877309908212,73.28104265191618
385,6,-0.09511033060698589,5.985287140267901,14.158409831630276,0.970119122335684,41.26407946726553,40.639357874949695,53.26407946726553
386,6,-0.049833300031984246,1.848135273889545,33.142640813125446,0.8917645244988743,36.55119143907062,35.926469846754784,48.55119143907062
388,6,-0.03826014752085779,2.44789525988325,24.44637845243678,0.8638301799608135,40.71686363908222,40.092142046766384,52.71686363908222
389,6,-0.04148532768780547,1.2798279101499745,27.321048103161665,0.8933695285759548,38.38669126289413,37.761969670578296,50.38669126289413
391,6,-0.049621884578749664,3.287968118163651,12.240959735435213,0.8905321109502059,43.25014808904648,42.62542649673065,55.25014808904648
392,6,-0.045683376386072026,1.908130055011081,15.751478329340722,0.6363627696470489,42.196438642502976,41.57171705018714,54.196438642502976
394,6,-0.041561969886357915,2.5770540886751254,8.860523735592427,0.9609975453159418,31.972207856694858,31.34748626437902,43.97220785669486
395,6,-0.03821350958786992,1.5130589392162714,13.076574372264544,0.9099639482991311,30.856038069211074,30.231316476895238,42.856038069211074
397,7,-0.11718490065914736,6.344776110530533,1.0522098176745638,0.5249303418482247,66.43587800073482,66.27360844790076,74.43587800073482
398,6,-0.025853130355288453,0.7064829919930271,30.506274782354183,0.968457067248731,26.49989064258458,25.875169050268745,38.49989064258458
400,7,-0.13448442129446278,7.044680977132162,0.9030642851279967,0.5679453927215153,66.08168546250852,65.91941590967446,74.08168546250852
401,6,-0.04783992473352778,1.3431418191025244,37.392675530916634,0.9251271697615967,39.059568938275405,38.43484734595957,51.059568938275405
403,7,-0.10948843013300816,5.972336352009438,-5.555923245455087,0.6970315296614884,59.37811467622008,59.21584512338602,67.37811467622008
404,6,-0.03873267151543376,1.4987621400087976,17.338983993582882,0.8616321150740647,34.12770201050413,33.502980418188294,46.12770201050413
406,7,-0.12275387887231239,6.519130203418607,-10.431486684790208,0.7478249857493702,59.49116416916911,59.32889461633505,67.49116416916911
407,6,-0.07171817855609722,3.3395204292086276,3.408834636651089,0.6628498917606163,46.17737593901224,45.5526543466964,58.17737593901224
409,7,-0.4702121008952148,20.62487484109119,55.355417701702066,0.8442851652362121,77.04932763493291,76.88705808209885,85.04932763493291
410,6,-0.24264405498970068,9.068092546092712,102.20180908779571,0.5840351388759086,64.85299459125255,64.22827299893672,76.85299459125255
412,6,-0.2252522487363166,10.132919452978868,18.86255186585547,0.6708082476930992,59.88853759276481,59.263816000448976,71.8885375927648
415,6,-0.12329603395042751,6.549542933194802,8.34147965868341,0.7452136089088818,52.99851885520199,52.37379726288616,64.998518855202
416,6,-0.07083343647169166,2.7957321969148223,22.226357593847517,0.5903497593410376,50.1150473128951,49.490325720579264,62.1150473128951
418,6,-0.1314853245225711,6.920168961598995,10.210815682756955,0.877261739833777,47.99249567664711,47.36777408433127,59.99249567664711
419,6,-0.07861985205904913,3.3228699960411965,23.00755693376664,0.7793730336925474,44.81370133498861,44.18897974267277,56.81370133498861
421,6,-0.11940505919958826,6.414929295660951,46.64641806039965,0.7672540856316536,51.87206313856146,51.24734154624562,63.87206313856146
422,6,-0.10198516250951394,3.7334548600421034,50.68187590819554,0.6744685144870333,53.920222210915846,53.29550061860001,65.92022221091585
443,6,-33.323684048606054,1963.6258907658382,-20537.643293807996,0.703725191927172,117.12117699581073,116.49645540349489,129.12117699581074
444,6,-24.835289292002106,1393.3240589333518,-13205.10067542354,0.9018268583041303,104.19037323887494,103.5656516465591,116.19037323887494
446,6,-3.2923060578141934,212.19836175798136,-2279.9304599743987,0.7249683414052717,92.50867817679021,91.88395658447438,104.50867817679021
451,6,-7.33937265202075,429.14219577931345,-4441.050984570894,0.7917482929665489,95.86549539568585,95.24077380337002,107.86549539568585
454,6,-3.648837784942283,233.00957217155164,-2491.6072035495245,0.6960389938656657,94.0672563236878,93.44253473137196,106.0672563236878
459,6,0.03937361154572374,0.29770682166531454,1.5941941690525214,0.9808533239514964,32.59511760662081,31.970396014304974,44.59511760662081
460,6,0.011827920579165502,0.13632439934644977,1.1713477662692817,0.999426281509792,-1.8051718763787914,-2.429893468694626,10.194828123621209
461,7,0.00807668817336313,0.10516189085416563,0.7153425312857238,0.9994305880950771,-9.314394507707586,-9.476664060541648,-1.3143945077075863
485,8,0.08819709496904243,-1.4421612556677768,23.411180004249196,0.9955169197905481,12.631727790333848,12.870052415373355,18.631727790333848
487,8,-0.002429826417316808,1.9207494120267627,-28.45514290162031,0.9993121789890944,-5.83130829426095,-5.592983669221443,0.16869170573905024
505,7,-0.08952380952380973,3.763809523809529,-9.88571428571429,0.599065389348316,54.106175646155094,53.94390609332103,62.106175646155094
510,7,0.14741414583693688,-6.813833454248296,174.27033288690907,0.6777286132630711,34.24318892947878,34.08091937664472,42.24318892947878
511,8,-0.16376168215653242,7.2857854710629795,21.356071332619177,0.20720773324458774,61.954581372176364,62.192905997215874,67.95458137217636
514,9,-0.006048869736514912,0.1712304140917008,99.7850656646214,0.04057642097123415,47.31753670097967,47.90921043298833,52.11753670097967
515,9,-0.009501217750032244,0.5962185204246234,92.39392858545438,0.007316207763287674,76.13174982481911,76.72342355682777,80.93174982481911
518,9,0.033175373975667756,-1.6550014880604051,119.22209579268991,0.18397465458422024,45.83550031082293,46.42717404283159,50.635500310822934
519,9,0.1413896431168049,-7.438216395702302,190.304912360799,0.3616471360399084,66.31811374406502,66.90978747607367,71.11811374406501
573,12,-0.02191407459251303,1.1465828736376389,-5.706555143428519,0.2500428109658779,55.38009061027301,56.834810559637006,58.38009061027301
574,12,-0.028032680498047087,1.5023931453624857,-11.302734159255072,0.5491537493857812,48.78499695775474,50.23971690711875,51.78499695775474
575,12,-0.014231231003701907,0.7589136497285789,-5.657505011471684,0.23561540724945218,47.705841037955864,49.16056098731987,50.705841037955864
576,12,-0.051555394240866415,2.8521925527552976,-28.959113590750647,0.5398927528553257,56.865381023085114,58.32010097244911,59.865381023085114
577,12,-0.05364335271598037,2.8967884805667556,-26.75707616792922,0.33881835736670163,73.24950947007181,74.70422941943582,76.24950947007181
587,6,-0.0008701711142857161,0.023417334942857217,0.13359558799999927,0.9480352702754921,-22.558898336665102,-23.18361992898094,-10.558898336665102
588,6,-0.0040368032857142945,0.15635203900000036,-0.5521408500000026,0.7787983982560412,2.3147358936730438,1.690014301357209,14.314735893673044
589,6,-0.005044755521428587,0.20392972942142915,-0.7607514630000047,0.6605792895023395,9.790284560377213,9.16556296806138,21.790284560377213
590,7,-0.005221117019047633,0.20811955884761948,-0.7814705554285722,0.7630586316375805,8.56827774774083,8.406008194906768,16.56827774774083
591,8,-0.0025467610914307616,0.08908809368958902,-0.022251792567051776,0.7044721005818728,3.9885553094972153,4.226879934536722,9.988555309497215
592,29,-0.004200289904878132,0.16786138838694917,-0.3404223433863094,0.7303849856368487,14.912576601581648,19.014464091541072,15.872576601581649
593,7,-0.004048081884439432,0.1634883670634646,-0.5570864457057688,0.769497023997032,4.8575325772115985,4.695263024377538,12.857532577211598
594,7,-0.0017161622104501929,0.0950441974739434,-0.46491044934914877,0.7149814613686671,4.672241375284919,4.509971822450859,12.67224137528492
595,8,-0.02079090481324527,0.7410279254347647,-0.33996490215476294,0.6913107428132442,38.36994871361977,38.608273338659274,44.36994871361977
596,30,-0.022881002716151684,0.9148833359336362,-1.9058295718138465,0.6777744469243139,122.44170506538791,126.64529721037437,123.36478198846483
597,7,-0.019800194441983734,0.8070362140923976,-2.8917603366045785,0.7716923348488595,27.0038412741462,26.84157172131214,35.0038412741462
598,7,-0.006715459581760046,0.3721266157259039,-1.8604544970293904,0.7051405370726813,24.006100494743528,23.843830941909467,32.00610049474353
601,18,-0.005827032486777609,0.3727293256482198,-2.626337150786893,0.9578137284417902,-4.19857387936991,-1.5274586056814172,-2.4842881650841955
602,18,-0.005958995969427248,0.3640107623335913,-2.4946487069195054,0.9586531516484326,-9.334522972528202,-6.663407698839709,-7.620237258242487
603,19,-0.0022270832763175326,0.20566019435203234,-1.695304784403447,0.9491005324252731,3.0986302377672392,5.93194717526656,4.698630237767239
604,18,-0.00025496683023873824,0.05778941036453882,-0.4865021645787545,0.9758064572676143,-36.39805859977247,-33.726943326083976,-34.68377288548675
615,6,-0.011300395000000017,0.6634933535714295,2.000431899999994,0.6990332892177317,30.448476222742322,29.823754630426485,42.44847622274232
616,6,0.015379002857142872,-0.056602865714286445,4.210137400000009,0.9835219649790011,17.78001777391011,17.155296181594274,29.78001777391011
617,6,-0.05641270249999989,1.679946668214284,4.389821053571445,0.7509114770651455,35.639973319657926,35.01525172734209,47.639973319657926
618,6,-0.0776823367857142,2.3556666224999985,3.123459282142872,0.9266578409255611,31.299951751700107,30.67523015938427,43.29995175170011
619,6,-0.10993344571428548,2.4795351542857107,12.50876871428574,0.9291158272539789,33.32635345992761,32.70163186761177,45.32635345992761
621,6,-0.01836457500000003,1.7860408207142877,23.312977178571426,0.982311974705608,30.116406298177246,29.49168470586141,42.116406298177246
622,6,-0.0749134278571427,2.9388269307142845,16.433618250000016,0.9953606633318375,20.72164922828339,20.096927635967553,32.72164922828339
623,6,-0.060328402142857056,2.0576892592857132,11.897502250000018,0.9867879020924945,20.676578905467743,20.051857313151906,32.67657890546774
624,6,-0.01021127142857139,0.5498525514285709,4.704669142857144,0.8340751337978243,26.78031370024012,26.155592107924285,38.78031370024012
625,6,-0.025502457357142787,1.0798160973571422,4.765171610714294,0.8757906707501103,30.233349413099226,29.60862782078339,42.233349413099226
626,6,-0.018712978214285667,0.8750656639285709,5.803742925000009,0.8712148488291828,29.15276927629895,28.528047683983118,41.152769276298955
637,11,-0.017060687013677658,0.6490864697287163,3.631256760528674,0.936989501691026,18.6886560586629,19.882341877058014,22.117227487234327
638,7,-0.018872113568168272,0.8903228869634054,-1.601629604746473,0.960049877091043,5.364545281891315,5.202275729057255,13.364545281891315
644,6,-0.02977745664285731,1.4906573689285787,-12.393220978571502,0.6728493740017409,30.48035791931988,29.855636327004042,42.48035791931988
645,6,-0.0015433322142857277,-0.013225169642856657,3.3872577499999954,0.4620568524291292,19.448281729718538,18.8235601374027,31.448281729718538
646,6,-0.009212504714285747,0.613438854714287,1.954570579999989,0.9759008532113859,14.055358204605323,13.430636612289488,26.055358204605323
650,6,-0.005164368739644238,0.2834630182195666,-1.1617491553710084,0.9969910110166603,-26.41841819991233,-27.043139792228168,-14.418418199912331
652,8,-0.00470921305504496,0.2649301844603022,-1.2858393207136054,0.9809452505442888,-6.067064446128388,-5.828739821088881,-0.0670644461283878
653,14,-0.006672406609136473,0.4253236091294703,-4.108548057057385,0.9569253983948772,-7.687993709018464,-5.770821720172689,-5.287993709018464
654,25,-0.004447944598012915,0.31211958775269255,-3.1784871704087427,0.8855069428188822,-7.063628840651919,-3.407001366047318,-5.920771697794777
658,15,-0.011316817017094466,0.7370115054777125,-6.568365427725523,0.9137980788503873,22.733159760378328,24.85731036368496,24.914977942196508
659,15,-0.011176460306487031,0.8166180889459855,-9.318767472948863,0.8508304730732489,30.260224481271358,32.38437508457799,32.44204266308954
660,13,-0.010442851905813717,0.8253435931831463,-10.778215323722636,0.7850517526742192,34.349931287407095,36.044779359791704,37.01659795407376
661,6,-0.02975535499999978,2.2191774849999906,-11.757614499999924,0.8401284240449189,38.570953022454965,37.94623143013913,50.570953022454965
662,6,-0.026043596666666557,1.9811195233333287,-4.123456999999967,0.9653619934990351,27.449166103073182,26.824444510757345,39.44916610307318
663,8,-0.013860630934416687,0.7868739584572587,-6.705395680015203,0.901004205919568,15.745458716276978,15.983783341316485,21.74545871627698
665,6,-0.007547163322033979,0.3833916348049343,-0.40459128027604985,0.9919228966327237,-8.266286525130708,-8.891008117446543,3.733713474869292
666,6,-0.00766244625099217,0.40230988490779235,-1.5244641968095842,0.986880954466829,-12.96113045213606,-13.585852044451896,-0.9611304521360609
667,8,-0.005447153955198492,0.2567617360263377,0.21563587633918896,0.9845984075483067,-6.368620984096385,-6.130296359056878,-0.3686209840963848
669,19,-0.008372615511861144,0.5375768353061967,-4.805005035269845,0.834917438027405,39.62523754583249,42.45855448333181,41.22523754583249
670,17,-0.024414094133388246,1.1876201491425538,-7.30610682818568,0.6403660201615566,78.86406666184807,81.36370669401671,80.71022050800191
671,7,-0.21659583227020898,12.508547427122966,-82.32002693492467,0.8812020999857001,54.03551172625211,53.87324217341805,62.03551172625211
672,10,-0.16547879323823428,11.166519872351854,-92.53188314401551,0.8925944556384174,76.32256233365493,77.23031761263707,80.32256233365493
673,7,-0.026302886904761884,1.290643035714285,7.615592190476187,0.6513549682308931,28.932198424944986,28.769928872110924,36.932198424944986
674,7,-0.03756269196428578,2.0570303571428603,-0.11241714285717228,0.9328476833450325,24.397081730341995,24.234812177507933,32.397081730341995
675,7,-0.06080292633928586,3.5206245625000077,-19.56935621428582,0.8835887950587398,38.47547232297994,38.31320277014588,46.47547232297994
677,7,-0.05055936904761913,2.6678135892857187,0.2753926190475646,0.7706819798353456,36.51820174369738,36.35593219086332,44.51820174369738
678,7,-0.08426563169642871,4.505163473214294,-17.326448785714387,0.865793885103536,39.77829104058995,39.61602148775589,47.77829104058995
679,7,-0.0868653102678575,5.34100658035716,-36.75559178571445,0.8743740989864683,47.25109294884646,47.0888233960124,55.25109294884646
681,12,-0.013235549635593955,0.7344387754448637,-2.7826784643307243,0.9774880643120109,4.250284258541432,5.705004207905434,7.250284258541432
682,11,-0.010425376354939406,0.7168596131201384,-8.407196599553039,0.968693727590646,-5.12828100324511,-3.9345951848499983,-1.6997095746736819
684,6,-0.005958253304647255,0.3315701290551398,-2.170536220706754,0.9860113123736672,-8.045668086376663,-8.670389678692498,3.954331913623337
686,6,-0.004195371308767217,0.2221044286998421,-0.21786683696302325,0.9900859957430987,-12.054658191681149,-12.679379783996984,-0.05465819168114905
689,9,-20.303398217199774,1114.9576474981388,-10862.662464695566,0.9855356234012358,126.18933908433203,126.78101281634069,130.98933908433204
690,6,-5.5846415238095615,158.68856580952584,1481.862940714256,0.9957555685981685,71.61649504188856,70.99177344957272,83.61649504188856
691,7,-0.2409913904761911,10.691467561904782,-23.9132448571429,0.9576022025054196,50.164776098851945,50.002506546017884,58.164776098851945
692,7,-0.2942751261904768,11.286621140476207,-9.173968999999985,0.9292565929483438,55.41952294997739,55.25725339714333,63.41952294997739
693,7,-0.10755435142857156,3.6270063285714325,64.67982299999996,0.8274205598716682,51.09081970269486,50.9285501498608,59.09081970269486
694,7,-0.13387946904761924,4.5540419404761945,54.7638535714286,0.9044679488462987,49.16934088968557,49.00707133685151,57.16934088968557
695,9,-0.016773572354273254,0.7900788142814791,-3.408412982121423,0.9397669006189402,17.0402743063529,17.631948038361557,21.8402743063529
696,8,-1.2293063620506368,96.64007350405544,-1549.9116569078446,0.8158210891827797,88.300493389745,88.53881801478451,94.300493389745
697,9,-1.500943632130124,125.8317463309268,-2420.1869174374306,0.79204383563698,91.92749456141371,92.51916829342237,96.7274945614137
743,10,-0.0739161560599535,4.396533439366713,-5.199545767344532,0.9429472164721939,64.78963680496824,65.69739208395038,68.78963680496824
744,15,-0.07188272860166542,2.4097377936391484,1.8202108776593005,0.38686256336804203,97.37883164201291,99.50298224531954,99.5606498238311
745,16,-0.01606307985003143,2.1794187715464513,5.242163628377451,0.9322811827695576,99.80577223573778,102.12353840245711,101.80577223573778
746,15,-0.05550524646141652,2.64604897826921,0.08068011733043706,0.9356114164224903,66.36939156546181,68.49354216876844,68.55120974728
747,6,-0.02700706121428579,1.1758280237857168,-4.1112495985714546,0.7798862462064705,23.928462610606797,23.303741018290964,35.9284626106068
748,6,-0.023990090000000106,0.9797173242857182,1.0413448285713927,0.9751504124634298,9.529895769889896,8.905174177574061,21.529895769889897
749,6,-0.01871786785714292,0.8362382935714306,2.272202528571404,0.9197292755104434,12.26297089065816,11.638249298342327,24.26297089065816
750,6,-0.013097158357142903,0.7069192340714304,-0.2784531014285863,0.9862610476234084,2.47857721844184,1.8538556261260055,14.47857721844184
751,6,-0.017556113928571485,0.827956967357145,-2.94918429857145,0.9974238279024337,-9.135478949090826,-9.760200541406661,2.8645210509091736
752,6,-0.017820803571428637,0.8083459092857167,1.066223442857117,0.9477352692992013,8.92188550475946,8.297163912443626,20.92188550475946
753,6,-0.012740914571428619,0.6746728860000019,-0.794947545714306,0.9908740897530807,-1.165038596285191,-1.7897601886010257,10.834961403714809
754,6,-0.0433534871428569,2.500745324285727,-18.675782557143588,0.9958805543356748,8.205339959337424,7.580618367021589,20.205339959337422
755,7,-0.0525188749999997,3.3722204349999805,-34.51383123571394,0.9868162017651252,21.449748681501738,21.287479128667677,29.449748681501738
756,6,-0.02108988950691732,1.919173452110676,-3.3252906482795175,0.9850904881541818,29.34883788555399,28.724116293238154,41.34883788555399
757,6,-0.03292889788095234,1.8799738805952368,-3.4755378357142663,0.9741276176268753,26.283508605343357,25.65878701302752,38.28350860534336
758,7,-0.015107982297478272,1.3583943625402086,-1.7347872809057823,0.9856248210733183,28.058943749533064,27.896674196699003,36.058943749533064
759,6,-0.053433498215064296,2.658420797208004,-5.394831086851695,0.9698088478710303,25.836979747886915,25.212258155571078,37.836979747886915
760,7,-0.03952780348095236,1.1819333243571433,10.710864087380937,0.9593407461636865,22.96700378986359,22.80473423702953,30.96700378986359
761,6,-0.03798118142857157,1.7860736100000056,-0.8479047142857685,0.9243028162817499,20.805309207138706,20.18058761482287,32.805309207138706
763,8,-0.03524420837142861,1.2215576816666676,10.876407648333327,0.9710417588654211,24.943079865683842,25.18140449072335,30.943079865683842
764,6,-0.043068377028571636,2.348304248685723,-14.10147116971438,0.9647514646796759,22.988245568025263,22.363523975709427,34.98824556802526
766,7,-0.043537578565990685,1.2018421370709056,2.7354622552398413,0.8900283449156912,31.79315011684679,31.630880564012728,39.79315011684679
767,6,-0.023749019610922368,1.1340388261717995,-0.23790477336385768,0.9361127806844464,16.649198621806594,16.02447702949076,28.649198621806594
768,7,-0.019294241488792614,1.0188749435218007,6.224412170745503,0.9157820896217419,21.884794132485215,21.722524579651154,29.884794132485215
770,7,-0.037834859647149596,1.3976885656338984,3.197725633502227,0.898652364454597,33.037467044979266,32.875197492145205,41.037467044979266
771,6,-0.03834846571428587,1.9856670142857211,-7.376900428571492,0.9908641618419426,11.101066385199625,10.47634479288379,23.101066385199623
772,6,-0.020851246770065893,1.1390320785885986,2.177011272702635,0.9324184601230431,13.519995388230761,12.895273795914926,25.51999538823076
774,6,-0.03700741214285724,0.9779489564285754,4.204532699999962,0.9496355618395406,22.64083960510238,22.016118012786542,34.64083960510238
775,6,-0.022451877857142907,0.9361431707142873,8.915402699999985,0.9991193807006178,-9.477619127367996,-10.10234071968383,2.522380872632004
776,6,-0.011417062142857145,0.5208277635714289,7.9060586999999884,0.9753533386357958,5.697389354451792,5.072667762135957,17.697389354451794
777,6,-0.03405071928571438,1.408666032142861,6.82116049999997,0.970962454681479,16.39987144183846,15.775149849522625,28.39987144183846
778,8,-0.039851611428571486,1.721993104761907,2.6785601785713706,0.9164361111680795,36.09295571107154,36.33128033611105,42.09295571107154
779,8,-0.028713026071428647,1.8307287101190508,-5.773633169642905,0.9092833699438898,43.38208177103655,43.62040639607606,49.38208177103655
780,8,-0.012376147095238134,0.9615568369047635,-2.052751132142886,0.9780710225610831,25.576604993363883,25.81492961840339,31.576604993363883
781,8,-0.030539716453973114,1.800430183628582,-11.222163968272865,0.9096807130368489,24.328422881942473,24.56674750698198,30.328422881942473
782,10,-0.017613276364768518,0.950941984901864,-4.468390423422514,0.7612800199279445,28.817227304608036,29.724982583590172,32.81722730460804
783,10,-0.04152930207852536,2.4299242439152913,-16.598646367145857,0.8712964967130815,36.54846304068455,37.45621831966669,40.54846304068455
784,8,-0.020452065097694757,1.0344249161828323,-1.7546455567152395,0.938705949328892,18.036105859580452,18.27443048461996,24.036105859580452
785,12,-0.035519524080692776,2.003292090083051,-12.937214938799839,0.9950819393896441,4.894994179549856,6.349714128913858,7.894994179549856
786,11,-0.017709345996438183,0.8755342207734071,-1.3501661595175094,0.873694960866534,27.977166247797857,29.17085206619297,31.405737676369284
787,10,-0.04021149567605257,2.242491577349607,-12.30951187357008,0.9821458156120565,19.678709538320852,20.586464817302993,23.678709538320852
788,9,-0.01653452502440017,0.8585038236813379,1.320675603915424,0.857000072150071,20.832602862674054,21.424276594682713,25.632602862674055
789,6,-0.024886128571428603,1.66538304857143,-3.553623600000009,0.9865488002738653,22.535927774015455,21.91120618169962,34.535927774015455
790,6,-0.042277430357142966,2.08327112821429,-4.388405150000028,0.9288504776029951,30.683957531671318,30.05923593935548,42.68395753167132
791,6,-0.0344099410714287,1.697929717500005,-2.0000006500000356,0.8965669349579984,30.71537315464716,30.090651562331324,42.71537315464716
792,6,-0.04327121785714297,1.7457141507142895,-1.3507237000000412,0.9057518181435288,25.93497621260873,25.310254620292895,37.93497621260873
793,7,-0.01455517792404565,0.5681762542798113,2.7946000645415188,0.9393752938214778,23.788883979324115,23.626614426490054,31.788883979324115
794,7,-0.0213782866686344,0.8745483394746164,4.429356572766624,0.9731857317919288,24.344853273002354,24.182583720168292,32.34485327300236
795,7,-0.017955657765053108,0.8579967387308145,3.429895921664697,0.9530445299790659,29.702338999319227,29.540069446485166,37.702338999319224
796,10,-0.020199040837799682,1.7902995945658273,-6.820524858033405,0.9920544514042177,30.467501283929213,31.37525656291135,34.46750128392921
797,12,-0.021729546055747787,1.9530202336116422,-9.099357904362686,0.979109848757892,50.407663739297604,51.86238368866161,53.407663739297604
798,9,-0.03553846343457218,2.09537074332452,-9.083797493917737,0.9897378822214296,23.51590046917667,24.10757420118533,28.315900469176672
804,11,-0.03208937153587163,1.5656421337218385,-1.9243264027972673,0.901979233485486,35.50015729863071,36.69384311702582,38.92872872720214
805,11,-0.03826457070707078,1.6961623000000041,1.0446809818181224,0.9843805869487942,20.043214584985954,21.236900403381064,23.47178601355738
806,11,-0.03427100686350694,1.4730794536907572,3.2762451370628725,0.974991175232297,24.33847740301782,25.53216322141293,27.767048831589246
807,11,-0.029835436350686393,1.2013805948329472,6.5544139244754795,0.989809367194586,14.655737426655923,15.849423245051035,18.084308855227352
808,11,-0.03094555976430984,1.2471493853535391,3.99646549090904,0.990557757339756,14.566974933351485,15.760660751746597,17.995546361922912
809,11,-0.013780254273504303,1.1740265642191163,1.3082336685314422,0.9689936434296476,36.69344737415542,37.88713319255053,40.12201880272685
810,11,-0.0269080981610982,2.024233220823623,-1.7572651972028361,0.9394098726888575,52.71336271045335,53.90704852884846,56.141934139024784
811,11,-0.029852956876456976,2.0787953573426625,-0.7641653874126588,0.9125721689045607,54.833771131144644,56.027456949539754,58.262342559716075
812,11,-0.02249062626262633,1.7533538787878822,2.416108636363581,0.9446658162874113,49.64509694948555,50.83878276788066,53.07366837805698
813,11,-0.03500620098420111,2.2244007623931683,-1.5142113510490198,0.897876739917297,54.21861892996387,55.41230474835898,57.6471903585353
814,17,-0.036484399542053576,1.681075737087199,-4.595513339009231,0.9261834934087727,52.69740141685875,55.1970414490274,54.5435552630126
815,15,-0.02136239105122819,0.8577396905397549,0.10043990207821306,0.8839588566066673,33.93146919258632,36.05561979589295,36.1132873744045
816,17,-0.04938285945562423,2.3625359107327073,-5.246707656346648,0.9263747990505786,62.13981474440996,64.63945477657862,63.98596859056381
817,17,-0.041687568337203176,1.905767592685752,3.0654786393189752,0.9698791204836468,41.52938641421555,44.0290264463842,43.3755402603694
818,8,-0.024208895000000032,1.0793082345238112,5.153770410714242,0.9475514188646236,23.886154040994874,24.12447866603438,29.886154040994874
819,9,-0.028235125160173142,1.5460751833419915,-2.463241209523809,0.9723962125508461,28.472534842295524,29.064208574304182,33.27253484229553
820,8,-0.023303322738095267,1.1418934696428584,1.6830852410713952,0.8552759367105351,33.38998414352812,33.62830876856762,39.38998414352812
821,9,-0.01821533587012984,0.987158332839826,1.7066502761904825,0.9231911651841926,29.95496883407929,30.546642566087947,34.75496883407929
822,8,-0.022413175452380998,1.0527600127380967,1.1694967267856793,0.9330722128478086,25.01733860617216,25.255663231211667,31.01733860617216
823,8,-0.010059689523809544,0.5366059238095247,3.210097535714269,0.8966826392173415,19.91234647797261,20.150671103012115,25.91234647797261
824,8,-0.032998934047619104,1.5554127297619071,-1.5875468392857683,0.9834176204803732,19.67585339385118,19.914178018890688,25.67585339385118
825,9,-0.017133384999999977,0.9158673749999993,-0.8736859166666605,0.9739816851384178,18.272659142452902,18.86433287446156,23.072659142452903
826,7,-0.03388632571428579,1.7374806857142873,3.944701142857143,0.965391946487167,26.577073044902942,26.41480349206888,34.577073044902946
827,9,-0.040782013939393916,2.2438318769696965,-4.8279570000000005,0.9256467043433635,44.603981515004726,45.195655247013384,49.40398151500473
828,8,-0.03551625000000008,1.770076007142861,0.7819762142856423,0.9704179038957517,26.915305162967012,27.15362978800652,32.915305162967016
829,8,-0.028418275500000065,1.526860157261907,0.5716411803570921,0.9912575210974538,16.2740808370891,16.512405462128612,22.2740808370891
830,7,-0.024525521904761954,1.27510271904762,3.6318007142857236,0.9567640313099355,24.227050363458698,24.064780810624637,32.2270503634587
831,8,-0.01784320380952387,0.8747492047619071,4.637904071428535,0.9219972053971354,23.585461379284,23.823786004323505,29.585461379284
832,7,-0.039025060476190566,2.022449426190479,-1.7475167142857233,0.9688622684273238,28.216167056497696,28.053897503663634,36.216167056497696
833,8,-0.030349356190476254,1.5621554785714313,-3.6217874464286157,0.9015523457991302,35.723981312774214,35.96230593781372,41.723981312774214
842,14,-0.0015448163194560157,0.05976831310440564,0.4515153888057441,0.8448417628709883,-25.023038315048854,-23.105866326203078,-22.623038315048852
843,14,-0.00288817393274954,0.16302463553806593,0.39337662354999897,0.9782984478917358,-17.15675969887299,-15.239587710027214,-14.756759698872989
844,14,-0.0028520825439022884,0.14716339602197306,0.046854707968493024,0.9547794744748449,-13.145212698871777,-11.228040710026002,-10.745212698871777
845,14,-0.0065691869994469665,0.290101923307497,-0.15170034872294313,0.9382704093795692,8.289137662814948,10.206309651660725,10.689137662814948
846,14,-0.009811567154207758,0.6136587295171687,-0.41907599951423924,0.9722056620967993,30.685161030326768,32.60233301917254,33.085161030326766
900,6,-0.007163059285714308,0.1575298564285721,11.62611589999999,0.9968022561160419,-4.749234160298732,-5.373955752614567,7.250765839701268
901,6,-0.0059008685714286345,0.4191260571428597,4.6178704285714005,0.8472643804852866,18.456168409548148,17.831446817232315,30.456168409548148
