"id","n","traits","Quadratic","Cubic","Briere","Schoolfield","quad_delta","cubic_delta","bri_delta","sch_delta","sch_best"
"3","10","photosynthesis",0.0975622258572946,-1.83991462691308,-0.730137776669513,-3.94906179570895,4.04662402156625,2.10914716879587,3.21892401903944,0,1
"4","7","photosynthesis",-12.6325033853648,-12.8847984362903,-15.0057898437407,7.00597557316093,2.3732864583759,2.1209914074504,0,22.0117654169016,0
"8","8","photosynthesis",-1.69612953410958,0.320934652467157,23.2765000104728,-3.89428118995863,2.19815165584905,4.21521584242579,27.1707812004314,0,1
"10","11","photosynthesis",68.3379550481693,70.7317830900342,68.6313005472622,70.7378657283895,0,2.39382804186489,0.293345499092894,2.39991068022019,0
"11","8","photosynthesis",-2.8588012306623,-9.65449791460693,-6.64506785245112,16.9398556599749,6.79569668394463,0,3.00943006215581,26.5943535745818,0
"13","14","photosynthesis",101.764188300486,80.5266802963056,87.9548743080791,77.9217455173823,23.8424427831037,2.60493477892329,10.0331287906968,0,1
"15","16","photosynthesis",71.1183663700179,67.2951992986681,86.9956012623128,75.7188541250578,3.8231670713498,0,19.7004019636447,8.42365482638971,0
"17","7","photosynthesis",24.8625894982906,16.9047223210514,11.4634020043392,17.1258596258183,13.3991874939514,5.4413203167122,0,5.6624576214791,0
"19","7","photosynthesis",9.77451952325146,9.26105520238198,20.0771007172666,13.0555835240827,0.513464320869479,0,10.8160455148846,3.79452832170072,0
"24","7","photosynthesis",18.1782262484881,7.23523375072081,36.0000305909471,24.9169292804838,10.9429924977673,0,28.7647968402263,17.681695529763,0
"26","6","photosynthesis",-31.8676527568013,-31.7304515159664,-31.1685725649954,-29.6338533658364,0,0.137201240834898,0.699080191805898,2.2337993909649,0
"29","8","photosynthesis",-46.2583907684142,-45.4009627831475,-44.261578273965,-45.6610045976011,0,0.857427985266703,1.9968124944492,0.597386170813103,1
"32","8","photosynthesis",-17.9967068403925,-23.7608568694731,-21.2358205921229,-20.3095818702124,5.7641500290806,0,2.5250362773502,3.4512749992607,0
"35","8","photosynthesis",-16.1213402679553,-14.0424020859152,-13.6300344030669,-11.7117496993827,0,2.0789381820401,2.4913058648884,4.4095905685726,0
"36","6","photosynthesis",-16.219265471454,-14.8762397172813,-13.2116899800849,-14.9129485718391,0,1.3430257541727,3.0075754913691,1.3063168996149,1
"38","8","photosynthesis",-19.1306203671827,-17.0884287849438,-18.9724625944943,-12.2708244357965,0,2.0421915822389,0.158157772688401,6.8597959313862,0
"41","8","photosynthesis",-22.4242201870188,-20.3649754422892,-18.8487565720541,-12.7421062984228,0,2.0592447447296,3.5754636149647,9.682113888596,0
"42","6","photosynthesis",-17.3078039800804,-47.0252522933548,-10.0365589240997,-30.2729021448805,29.7174483132744,0,36.9886933692551,16.7523501484743,0
"44","7","photosynthesis",-12.4695264892847,-10.5765401209004,-7.92121073673954,-10.0280462623362,0,1.8929863683843,4.54831575254516,2.4414802269485,0
"47","7","photosynthesis",-18.6456200009844,-16.715106234286,-11.2097173188901,-23.7756922125383,5.1300722115539,7.0605859782523,12.5659748936482,0,1
"53","6","photosynthesis",19.3968416127784,-5.50896288912468,38.79075378721,44.7307487731983,24.9058045019031,0,44.2997166763347,50.239711662323,0
"54","6","photosynthesis",16.7091222015199,15.1722297219087,35.1877566334155,43.4231561353786,1.5368924796112,0,20.0155269115068,28.2509264134699,0
"55","6","photosynthesis",16.1102439546774,17.8836863450001,41.7109905854345,46.0271477848305,0,1.7734423903227,25.6007466307571,29.9169038301531,0
"56","6","photosynthesis",25.8428598997208,7.87023916957504,31.5639388036386,37.2006351549335,17.9726207301458,0,23.6936996340636,29.3303959853585,0
"57","6","photosynthesis",28.2699887804278,4.87847906539344,29.5421534707717,40.0131203635372,23.3915097150344,0,24.6636744053783,35.1346412981438,0
"58","7","photosynthesis",32.6583053132028,-6.32570733868477,38.507713670556,48.0136908301822,38.9840126518876,0,44.8334210092408,54.339398168867,0
"59","7","photosynthesis",10.3280923370901,5.37145067148972,19.0993239380037,9.37554681978033,4.95664166560038,0,13.727873266514,4.00409614829061,0
"60","9","photosynthesis",35.8887738887461,18.3811730179304,41.1731108113556,52.6703469511418,17.5076008708157,0,22.7919377934252,34.2891739332114,0
"65","8","photosynthesis",12.1701312043815,14.2037987193062,49.6920803400674,52.9338912219478,0,2.0336675149247,37.5219491356859,40.7637600175663,0
"66","6","photosynthesis",-0.705102077433622,0.948480831927306,39.0810967065428,19.9564909186741,0,1.65358290936093,39.7861987839764,20.6615929961077,0
"68","6","photosynthesis",15.9954331784362,-1.30803861127556,37.3115569519075,40.3918489245207,17.3034717897118,0,38.6195955631831,41.6998875357963,0
"69","6","photosynthesis",14.3455178107504,15.8614621986783,34.7636775218385,40.1144203782801,0,1.5159443879279,20.4181597110881,25.7689025675297,0
"70","6","photosynthesis",24.5393646850287,14.5859104869455,35.2299600853428,28.8156878217217,9.9534541980832,0,20.6440495983973,14.2297773347762,0
"71","7","photosynthesis",11.7797128098049,13.7133949835283,40.4743441958229,26.6676009100431,0,1.9336821737234,28.694631386018,14.8878881002382,0
"72","7","photosynthesis",16.202669599079,18.0347217849256,42.0427157667529,45.353879687536,0,1.8320521858466,25.8400461676739,29.151210088457,0
"74","7","photosynthesis",18.2659734709341,14.7511677702748,45.3988304376591,22.5772343489897,3.5148057006593,0,30.6476626673843,7.8260665787149,0
"75","6","photosynthesis",9.56030368468418,3.22666456486435,35.7212094289963,25.1463748064751,6.33363911981983,0,32.494544864132,21.9197102416108,0
"76","9","photosynthesis",15.3750868209653,12.3190211289274,23.7405817138707,35.9048056709079,3.0560656920379,0,11.4215605849433,23.5857845419805,0
"77","7","photosynthesis",13.9034721892847,2.40498089297524,24.0988796193307,-5.85103901052338,19.7545111998081,8.25601990349862,29.9499186298541,0,1
"80","7","photosynthesis",35.5230747464643,35.0155675023151,48.8689418349303,43.5030789548089,0.507507244149203,0,13.8533743326152,8.4875114524938,0
"81","7","photosynthesis",46.2655950602863,35.889415449563,35.3294557942938,47.4757436592148,10.9361392659925,0.559959655269203,0,12.146287864921,0
"107","19","photosynthesis",140.014824166475,135.625025646859,132.980173196758,135.366271270275,7.03465096971701,2.64485245010101,0,2.38609807351702,0
"109","6","photosynthesis",15.7590534422858,11.9520612120534,12.8002482191491,7.85580944699816,7.90324399528764,4.09625176505524,4.94443877215094,0,1
"110","7","photosynthesis",-9.69366693153647,-14.8640842153924,16.1108720931886,-17.1753909837638,7.48172405222733,2.3113067683714,33.2862630769524,0,1
"112","8","photosynthesis",1.24122382802824,-5.86260312804416,5.69650724183769,0.272718466019471,7.1038269560724,0,11.5591103698819,6.13532159406363,0
"114","7","photosynthesis",-6.01019415849188,-16.8248269785129,-5.95874853471463,-8.88362816027376,10.814632820021,0,10.8660784437983,7.94119881823914,0
"116","12","photosynthesis",-8.05262534588648,-17.6977413281916,17.8326743614905,21.6654249765367,9.64511598230512,0,35.5304156896821,39.3631663047283,0
"117","14","photosynthesis",7.07697438839347,-6.38105121510719,14.579995564463,5.04133359752577,13.4580256035007,0,20.9610467795702,11.422384812633,0
"118","14","photosynthesis",7.64912541852408,-6.01215831362037,-8.13469336854205,2.43037785419892,15.7838187870661,2.12253505492168,0,10.565071222741,0
"138","7","photosynthesis",35.3374583727033,18.1119385328866,6.34288989292196,25.2377246521741,28.9945684797813,11.7690486399646,0,18.8948347592521,0
"139","8","photosynthesis",43.6039804886976,39.1843073505398,42.9352678926796,41.0671406977848,4.4196731381578,0,3.7509605421398,1.882833347245,1
"141","8","photosynthesis",53.0445605926038,43.7334078398339,41.4004023057815,61.8783700832373,11.6441582868223,2.3330055340524,0,20.4779677774558,0
"143","8","photosynthesis",25.7812020848159,21.2145662138418,19.5650913601908,24.9335936700484,6.2161107246251,1.649474853651,0,5.3685023098576,0
"144","7","photosynthesis",63.8209434505508,52.3253717919721,56.1989382068399,38.2134591171406,25.6074843334102,14.1119126748315,17.9854790896993,0,1
"146","7","photosynthesis",42.0587435050393,41.7400885610208,39.3708122287736,46.3219152926757,2.6879312762657,2.3692763322472,0,6.9511030639021,0
"148","8","photosynthesis",72.3390726382776,60.3298145954668,44.7055804227645,82.2702355656644,27.6334922155131,15.6242341727023,0,37.5646551428999,0
"158","8","photosynthesis",24.9853383051868,20.4921451139813,47.3729733166865,23.9849065396056,4.4931931912055,0,26.8808282027052,3.4927614256243,0
"159","9","photosynthesis",30.3743574932751,31.7513044354653,38.9021265816241,31.4508562086331,0,1.3769469421902,8.527769088349,1.076498715358,1
"160","8","photosynthesis",33.3119412524566,15.340615836761,43.0503892323404,13.1291059318332,20.1828353206234,2.2115099049278,29.9212833005072,0,1
"161","9","photosynthesis",29.9905188422855,19.5927252349668,43.5540656579922,23.9548960443937,10.3977936073187,0,23.9613404230254,4.3621708094269,0
"162","8","photosynthesis",25.551956202066,27.6274436005782,37.1996605196673,30.3106994932095,0,2.0754873985122,11.6477043176013,4.7587432911435,0
"163","8","photosynthesis",20.4196426635773,21.6060789148261,34.7436922172936,22.0224124506599,0,1.1864362512488,14.3240495537163,1.6027697870826,1
"164","8","photosynthesis",20.0787030893727,22.1576759129066,36.1662753543599,16.9285241995573,3.1501788898154,5.2291517133493,19.2377511548026,0,1
"165","9","photosynthesis",14.5189729571906,16.6196466052469,32.3806414059694,15.7499874105353,0,2.1006736480563,17.8616684487788,1.2310144533447,1
"166","7","photosynthesis",26.5140546476202,28.381408695433,38.4096073021643,26.4320362507197,0.0820183969004979,1.9493724447133,11.9775710514446,0,1
"167","9","photosynthesis",46.5764396227643,33.6408620769051,34.6500976280802,45.0693793343964,12.9355775458592,0,1.0092355511751,11.4285172574913,0
"168","8","photosynthesis",27.5272422350213,27.627828281173,35.6901061767852,35.1116201474695,0,0.100586046151697,8.1628639417639,7.5843779124482,0
"169","8","photosynthesis",16.1181258139003,17.7234043077838,29.5417405069784,9.49936947006183,6.61875634383847,8.22403483772197,20.0423710369166,0,1
"170","7","photosynthesis",24.1375058586567,4.63838267493241,35.2888290490458,1.26647103523972,22.871034823417,3.37191163969269,34.0223580138061,0,1
"171","8","photosynthesis",24.6653593606216,9.03231903927877,39.2712465853167,12.0498215031378,15.6330403213428,0,30.2389275460379,3.01750246385903,0
"172","7","photosynthesis",28.5977141646018,20.4084332191642,22.9340494642366,17.8034508847011,10.7942632799007,2.6049823344631,5.1305985795355,0,1
"173","8","photosynthesis",36.1316954996242,15.143407622526,15.9090976330074,26.9049850736301,20.9882878770982,0,0.7656900104814,11.7615774511041,0
"174","7","photosynthesis",30.3507855986784,28.301183243426,28.6850179638961,26.3508965746071,3.9998890240713,1.9502866688189,2.334121389289,0,1
"175","7","photosynthesis",4.83592475100537,4.8474658411193,21.1622836165267,12.1745388047986,0,0.0115410901139299,16.3263588655213,7.33861405379323,0
"176","7","photosynthesis",11.8883206644402,9.73843102825562,17.80071623037,8.00681198432273,3.88150868011747,1.73161904393289,9.79390424604727,0,1
"177","7","photosynthesis",15.9707447427584,17.2108071574832,23.2239192226226,21.8455692491713,0,1.2400624147248,7.2531744798642,5.8748245064129,0
"178","7","photosynthesis",4.40213138667758,-0.67263377920817,27.8122761935853,8.14071407323109,5.07476516588575,0,28.4849099727935,8.81334785243926,0
"179","7","photosynthesis",24.8867329710173,19.6344600751952,26.3893391982444,19.998989371175,5.2522728958221,0,6.7548791230492,0.3645292959798,1
"180","7","photosynthesis",14.6287146485968,13.3158354975602,27.6292971320449,10.3939193406926,4.2347953079042,2.9219161568676,17.2353777913523,0,1
"181","7","photosynthesis",15.884027680278,13.2833664270458,23.3021706015719,10.5076138660808,5.3764138141972,2.775752560965,12.7945567354911,0,1
"182","7","photosynthesis",23.4833181637725,21.9848818815038,25.025972177084,20.0459794426344,3.4373387211381,1.9389024388694,4.9799927344496,0,1
"183","7","photosynthesis",11.7645880438342,12.4367666494068,25.7781753508318,16.4481733728861,0,0.672178605572601,14.0135873069976,4.6835853290519,0
"202","6","photosynthesis",-27.9167677491444,-31.9440979624028,-15.1361819541331,-64.2378544862707,36.3210867371263,32.2937565238679,49.1016725321376,0,1
"205","14","photosynthesis",-6.03455294148741,-26.5947229256061,-2.06758938112424,7.58667623557644,20.5601699841187,0,24.5271335444819,34.1813991611825,0
"206","25","photosynthesis",-2.98689394440269,-17.1063463353295,-7.02232893210061,-3.19294418798899,14.1194523909268,0,10.0840174032289,13.9134021473405,0
"210","6","photosynthesis",59.4044739856022,56.6856580275211,57.7162190445967,56.5548293123156,2.8496446732866,0.130828715205503,1.1613897322811,0,1
"211","6","photosynthesis",43.7409798445155,35.5719229477688,45.1543004562784,37.1401021349602,8.1690568967467,0,9.5823775085096,1.5681791871914,1
"216","6","photosynthesis",1.24749067586775,-6.56161656073532,-6.93198705490366,19.421797892116,8.17947773077141,0.370370494168339,0,26.3537849470197,0
"244","6","photosynthesis",31.6284058940541,6.51277351209488,42.791285364696,10.9017564213415,25.1156323819592,0,36.2785118526011,4.38898290924662,0
"257","8","photosynthesis",-9.08104891524314,-7.7305442765106,-6.16133790598544,-14.8452872234735,5.76423830823036,7.1147429469629,8.68394931748806,0,1
"259","8","photosynthesis",17.2207635007129,17.9673554539568,17.9613202000084,13.3494410961068,3.8713224046061,4.61791435785,4.6118791039016,0,1
"260","8","photosynthesis",28.1003283207162,29.564704525594,21.1831700948134,29.381347772229,6.9171582259028,8.3815344307806,0,8.1981776774156,0
"269","9","photosynthesis",67.4222441073634,66.669672526257,68.020479776411,65.0992738745964,2.32297023276699,1.5703986516606,2.92120590181459,0,1
"274","6","photosynthesis",58.4623561030282,59.3797686430297,58.5112580196397,60.3288971839577,0,0.9174125400015,0.0489019166114986,1.8665410809295,1
"275","6","photosynthesis",38.3813670056132,31.2448722071091,41.8768673840441,56.013266507149,7.1364947985041,0,10.631995176935,24.7683943000399,0
"278","45","photosynthesis",-22.2641958596644,-27.3158727820732,-34.2166152240713,-17.4160860380613,11.9524193644069,6.9007424419981,0,16.80052918601,0
"279","7","photosynthesis",-25.0360009813126,-23.493039424821,-15.002003549356,-24.1883406614537,0,1.5429615564916,10.0339974319566,0.8476603198589,1
"280","7","photosynthesis",-15.6294617226615,-20.6536030136237,-15.7370512443448,-19.673548515737,5.0241412909622,0,4.9165517692789,0.980054497886702,1
"281","20","photosynthesis",106.619562571019,108.807296732715,106.392794073545,109.684001843334,0.226768497473998,2.41450265917,0,3.291207769789,0
"282","13","photosynthesis",42.9377511237251,41.2539143261434,35.6620746755002,71.2698559272048,7.2756764482249,5.5918396506432,0,35.6077812517046,0
"284","13","photosynthesis",36.7779859527117,28.3379888326898,31.9537201143994,32.1231577423843,8.4399971200219,0,3.6157312817096,3.7851689096945,0
"285","13","photosynthesis",25.5891728227341,15.049755246547,13.8885134422079,36.9437997535036,11.7006593805262,1.1612418043391,0,23.0552863112957,0
"286","10","photosynthesis",19.4354485317135,18.2778260214212,12.3429382218275,19.8616555327065,7.092510309886,5.9348877995937,0,7.518717310879,0
"287","15","photosynthesis",24.6401741415363,24.5493805165849,30.7446420459168,53.3846482582823,0.0907936249513988,0,6.1952615293319,28.8352677416974,0
"288","12","photosynthesis",34.4236760445288,32.2018185153392,29.6226709552099,35.5921803849264,4.8010050893189,2.5791475601293,0,5.9695094297165,0
"289","14","photosynthesis",41.0762648613169,29.4559892290173,18.9923018417136,45.3161366017849,22.0839630196033,10.4636873873037,0,26.3238347600713,0
"290","6","photosynthesis",26.9303690373491,17.2371491323232,25.3964772563005,27.4344222856577,9.6932199050259,0,8.1593281239773,10.1972731533345,0
"296","9","photosynthesis",84.406546119978,70.2763468008588,65.8748296202249,95.553010444209,18.5317164997531,4.4015171806339,0,29.6781808239841,0
"297","9","photosynthesis",12.6734262320857,10.4339640217581,22.8581279973419,15.2890503182087,2.2394622103276,0,12.4241639755838,4.8550862964506,0
"298","7","photosynthesis",32.5112362144879,34.4491089958099,35.5785577642931,42.4294196455254,0,1.937872781322,3.0673215498052,9.9181834310375,0
"300","8","photosynthesis",66.1947786405595,66.66318002836,58.9069215366678,55.9732083520511,10.2215702885084,10.6899716763089,2.9337131846167,0,1
"301","8","photosynthesis",20.0093682268434,20.932565371005,17.1278429641798,21.0197978509571,2.8815252626636,3.8047224068252,0,3.8919548867773,0
"302","20","photosynthesis",149.755965006944,148.263241581022,152.087807394821,147.502272742865,2.25369226407901,0.760968838156998,4.58553465195601,0,1
"305","6","photosynthesis",19.0786919085784,18.5282660552109,16.9283390820312,29.1407862441582,2.1503528265472,1.5999269731797,0,12.212447162127,0
"309","26","photosynthesis",49.4884383742948,45.9818623931292,78.010483983918,49.9690797953447,3.5065759811656,0,32.0286215907888,3.9872174022155,0
"310","26","photosynthesis",59.2452164727101,62.5011567697494,90.4838870826846,71.7474366649428,0,3.2559402970393,31.2386706099745,12.5022201922327,0
"311","26","photosynthesis",100.93975982417,82.9733152580487,95.6813346211913,105.212023520465,17.9664445661213,0,12.7080193631426,22.2387082624163,0
"312","28","photosynthesis",103.905125891785,107.178206523046,108.417689896193,108.930919915175,0,3.273080631261,4.51256400440799,5.02579402338999,0
"313","23","photosynthesis",66.4086304068261,68.758667736687,67.4889409363678,69.3688856769624,0,2.3500373298609,1.08031052954169,2.9602552701363,0
"318","359","photosynthesis",1293.79752094269,1297.59191626294,1400.66641180286,1290.36228754182,3.43523340086995,7.22962872111998,110.30412426104,0,1
"322","24","photosynthesis",65.4606165291048,65.885022098037,62.9399436516059,64.9493942629149,2.5206728774989,2.9450784464311,0,2.00945061130899,0
"323","33","photosynthesis",134.053394696264,137.506718695262,134.074057994608,138.111338524337,0,3.453323998998,0.0206632983440045,4.05794382807298,0
"324","12","photosynthesis",4.92119306517969,-19.2959111667009,-27.3754595579048,-16.8539927314651,32.2966526230845,8.0795483912039,0,10.5214668264397,0
"325","7","photosynthesis",0.165284856699041,-5.46983808991928,8.09146713066518,-2.7668646178555,5.63512294661832,0,13.5613052205845,2.70297347206378,0
"326","8","photosynthesis",25.3459122517883,16.1736637554128,24.1915937793322,13.5387174972443,11.807194754544,2.6349462581685,10.6528762820879,0,1
"327","9","photosynthesis",10.3259375404749,10.7153543934245,42.6827368101754,12.1476493856208,0,0.3894168529496,32.3567992697005,1.8217118451459,1
"328","8","photosynthesis",28.0290634607498,25.3104111991942,34.3159274415431,55.7458739585842,2.7186522615556,0,9.0055162423489,30.43546275939,0
"329","8","photosynthesis",24.4537674293156,-16.4128737127078,28.6124363142628,43.6999281223065,40.8666411420234,0,45.0253100269706,60.1128018350143,0
"330","7","photosynthesis",43.489270786541,34.7584311270455,38.7167234291584,46.7021101113784,8.7308396594955,0,3.9582923021129,11.9436789843329,0
"331","7","photosynthesis",7.10156896754277,3.80491780744984,26.7096856553851,12.2236751077528,3.29665116009293,0,22.9047678479353,8.41875730030296,0
"332","8","photosynthesis",41.9825292004581,39.5749601990931,40.5182886399439,33.7773802455479,8.2051489549102,5.7975799535452,6.74090839439599,0,1
"333","8","photosynthesis",25.5310799330138,20.0021211765845,47.347751691609,13.4812423328322,12.0498376001816,6.5208788437523,33.8665093587768,0,1
"334","8","photosynthesis",43.4150472350953,44.3639658476046,44.2066255455018,38.4639222626071,4.9511249724882,5.9000435849975,5.7427032828947,0,1
"335","8","photosynthesis",34.0369523618556,35.8750809971105,47.3532254255143,32.0866557339089,1.9502966279467,3.7884252632016,15.2665696916054,0,1
"336","8","photosynthesis",49.7246886546229,36.0706413175673,47.9355753985475,47.3805713554575,13.6540473370556,0,11.8649340809802,11.3099300378902,0
"337","9","photosynthesis",34.985014362988,26.0592493694867,44.6130829813083,22.0465203409933,12.9384940219947,4.0127290284934,22.566562640315,0,1
"338","8","photosynthesis",37.1592571210539,38.9596887328771,33.9446832478495,42.0541415279802,3.2145738732044,5.0150054850276,0,8.1094582801307,0
"339","8","photosynthesis",41.124695372674,43.0780624920209,36.8314044747771,41.2072872921279,4.2932908978969,6.2466580172438,0,4.3758828173508,0
"340","11","photosynthesis",-7.47670521164258,-17.9353025434839,-17.7594821019682,-18.6646190815159,11.1879138698733,0.729316538032002,0.905136979547702,0,1
"341","19","photosynthesis",-18.1042341736191,-33.140186285888,-31.2994926183072,1.5340365125566,15.0359521122689,0,1.8406936675808,34.6742227984446,0
"342","9","photosynthesis",72.6230695090575,68.6627917388072,72.5024459470432,69.3595769551489,3.9602777702503,0,3.839654208236,0.696785216341695,1
"344","9","photosynthesis",84.1840509121272,86.0699086641597,84.4778633361599,86.170892378954,0,1.88585775203249,0.293812424032694,1.98684146682679,1
"347","8","photosynthesis",75.4999226181857,73.7730288864118,66.6776866533057,70.8724691174521,8.82223596488001,7.09534223310609,0,4.1947824641464,0
"349","6","photosynthesis",50.1648520396823,49.3240328026674,37.2435997691146,63.4891498955743,12.9212522705677,12.0804330335528,0,26.2455501264597,0
"350","6","photosynthesis",41.1776592173473,42.8276360302957,40.923764352093,47.0571894217594,0.253894865254296,1.9038716782027,0,6.13342506966639,0
"363","8","photosynthesis",117.80284800477,115.007555377114,113.811808329802,124.252171597159,3.99103967496799,1.195747047312,0,10.440363267357,0
"366","7","photosynthesis",-17.0047336814452,-16.6126013103146,-15.5079276892899,-16.5790312763916,0,0.3921323711306,1.4968059921553,0.425702405053599,1
"373","8","photosynthesis",42.6768726157911,32.6825643522551,30.3058599979153,31.7143948362566,12.3710126178758,2.3767043543398,0,1.4085348383413,1
"385","6","photosynthesis",40.6393578749497,34.6691282824683,46.6790706465112,34.8609187587203,5.9702295924814,0,12.0099423640429,0.191790476252002,1
"388","6","photosynthesis",40.0921420467664,38.2202595665908,49.8740989942108,29.8139988452127,10.2781432015537,8.4062607213781,20.0601001489981,0,1
"389","6","photosynthesis",37.7619696705783,33.5420271294248,51.9106527275827,29.0680288407632,8.6939408298151,4.4739982886616,22.8426238868195,0,1
"391","6","photosynthesis",42.6254264967306,38.0487901664673,45.1241223912415,27.1479678786927,15.4774586180379,10.9008222877746,17.9761545125488,0,1
"392","6","photosynthesis",41.5717170501871,36.2802053490674,46.9991320621508,19.144767140515,22.4269499096721,17.1354382085524,27.8543649216358,0,1
"394","6","photosynthesis",31.347486264379,23.423872495643,39.390363798723,22.3845596904962,8.9629265738828,1.0393128051468,17.0058041082268,0,1
"395","6","photosynthesis",30.2313164768952,13.8637724814967,44.5146886461522,2.66278758294182,27.5685288939534,11.2009848985549,41.8519010632104,0,1
"397","7","photosynthesis",66.2736084479008,64.3630109853702,62.8491717692056,44.5461957927363,21.7274126551645,19.8168151926339,18.3029759764693,0,1
"400","7","photosynthesis",65.9194159096745,64.2382211944901,62.2163154045911,48.5304413847923,17.3889745248822,15.7077798096978,13.6858740197988,0,1
"401","6","photosynthesis",38.4348473459596,34.7817370364263,55.022611255371,34.8327247347899,3.6531103095333,0,20.2408742189447,0.0509876983635991,1
"403","7","photosynthesis",59.215845123386,57.6727364804791,55.6111357718341,49.1904506847352,10.0253944386508,8.48228579574391,6.4206850870989,0,1
"404","6","photosynthesis",33.5029804181883,31.1200960790225,46.9704387168885,27.3134183250911,6.1895620930972,3.8066777539314,19.6570203917974,0,1
"406","7","photosynthesis",59.328894616335,58.2440238934584,54.8402538420442,56.9299764677714,4.4886407742908,3.4037700514142,0,2.0897226257272,0
"407","6","photosynthesis",45.5526543466964,45.5482888627432,45.2801584397882,44.0052016817519,1.5474526649445,1.5430871809913,1.2749567580363,0,1
"409","7","photosynthesis",76.8870580820988,65.9754820692776,78.4894109239033,85.969937259102,10.9115760128212,0,12.5139288546257,19.9944551898244,0
"410","6","photosynthesis",64.2282729989367,55.3360660130184,68.7749899789405,46.1253857793621,18.1028872195746,9.2106802336563,22.6496041995784,0,1
"412","6","photosynthesis",59.263816000449,52.1884570449295,57.9910451213904,37.0753594885084,22.1884565119406,15.1130975564211,20.915685632882,0,1
"415","6","photosynthesis",52.3737972628862,48.5986611519644,51.0971523592164,40.5038419258328,11.8699553370534,8.0948192261316,10.5933104333836,0,1
"416","6","photosynthesis",49.4903257205793,47.3851377939538,52.8733152717472,40.7681979816581,8.7221277389212,6.6169398122957,12.1051172900891,0,1
"418","6","photosynthesis",47.3677740843313,44.1146539445323,48.6942530600938,43.3599674068336,4.0078066774977,0.754686537698703,5.3342856532602,0,1
"419","6","photosynthesis",44.1889797426728,37.8902116595277,51.8633409477657,25.7248417326113,18.4641380100615,12.1653699269164,26.1384992151544,0,1
"421","6","photosynthesis",51.2473415462456,50.7211203837071,58.9113888650731,45.9759073256235,5.2714342206221,4.7452130580836,12.9354815394496,0,1
"422","6","photosynthesis",53.2955006186,50.3200282724961,60.4049093415681,42.6969436457384,10.5985569728616,7.6230846267577,17.7079656958297,0,1
"443","6","photosynthesis",116.496455403495,98.3081231118985,95.5225611280708,115.202076227693,20.9738942754242,2.78556198382769,0,19.6795150996222,0
"444","6","photosynthesis",103.565651646559,91.6989797723356,102.765600035713,105.058374388831,11.8666718742234,0,11.0666202633774,13.3593946164954,0
"451","6","photosynthesis",95.24077380337,81.8543595716164,67.9509596844047,101.720328593954,27.2898141189653,13.9033998872117,0,33.7693689095493,0
"454","6","photosynthesis",93.442534731372,82.8359872109707,76.9232863787421,87.0552701537793,16.5192483526299,5.91270083222859,0,10.1319837750372,0
"459","6","photosynthesis",31.970396014305,26.763086785168,32.6248148840209,44.734991260874,5.207309229137,0,5.8617280988529,17.971904475706,0
"460","6","photosynthesis",-2.42989346869463,-1.61435500385226,15.6108495069634,14.1180483789664,0,0.81553846484237,18.040742975658,16.547941847661,0
"461","7","photosynthesis",-9.47666406054165,-16.4697821037772,4.24343688347598,13.5714968978993,6.99311804323555,0,20.7132189872532,30.0412790016765,0
"485","8","photosynthesis",12.8700524153734,-10.1497652179816,23.6893633586653,19.4176918164137,23.019817633355,0,33.8391285766469,29.5674570343953,0
"487","8","photosynthesis",-5.59298366922144,-7.52197039623197,-6.91464283134263,-7.97424811314431,2.38126444392287,0.45227771691234,1.05960528180168,0,1
"505","7","photosynthesis",53.943906093321,47.9359154671155,48.3206139946985,43.7174136707517,10.2264924225693,4.2185017963638,4.6032003239468,0,1
"573","12","photosynthesis",56.834810559637,58.5803457673927,55.9397222420587,57.0304190530802,0.895088317578299,2.640623525334,0,1.0906968110215,1
"574","12","photosynthesis",50.2397169071187,51.1811937146614,52.8775812161079,50.5417807341233,0,0.941476807542699,2.6378643089892,0.302063827004602,1
"575","12","photosynthesis",49.1605609873199,51.4388166614802,49.7620596016782,51.681986970554,0,2.27825567416031,0.601498614358306,2.5214259832341,0
"576","12","photosynthesis",58.3201009724491,60.8031339714675,59.5983565619387,61.7547188457333,0,2.48303299901841,1.2782555894896,3.4346178732842,0
"577","12","photosynthesis",74.7042294194358,73.6952922827245,71.4730639907101,74.5632157203751,3.2311654287257,2.22222829201439,0,3.090151729665,0
"587","6","photosynthesis",-23.1836199289809,-21.3946981589017,-10.2445318634157,-17.5853438856566,0,1.7889217700792,12.9390880655652,5.5982760433243,0
"588","6","photosynthesis",1.69001430135721,-2.56524422255876,-10.1066918254337,-1.74501630675249,11.7967061267909,7.54144760287494,0,8.36167551868121,0
"589","6","photosynthesis",9.16556296806138,-0.994150162418283,-3.51480267169082,-13.5975893534228,22.7631523214842,12.6034391910045,10.082786681732,0,1
"590","7","photosynthesis",8.40600819490677,6.39875393727149,-4.92282670371284,-13.0428940948401,21.4489022897469,19.4416480321116,8.12006739112726,0,1
"591","8","photosynthesis",4.22687993453672,4.35254999037579,-12.8827448889066,-8.95738091348993,17.1096248234433,17.2352948792824,0,3.92536397541667,0
"592","29","photosynthesis",19.0144640915411,-15.8249675017506,-31.7033429140647,-19.5918885355812,50.7178070056058,15.8783754123141,0,12.1114543784835,0
"593","7","photosynthesis",4.69526302437754,-4.85799873952455,-6.94240690359848,-17.8959899422995,22.591252966677,13.037991202775,10.953583038701,0,1
"594","7","photosynthesis",4.50997182245086,-12.0708159724504,-12.516255834701,-8.00025438685804,17.0262276571519,0.445439862250598,0,4.51600144784296,0
"595","8","photosynthesis",38.6082733386593,38.7003828053836,20.6523817688901,23.7401233576476,17.9558915697692,18.0480010364935,0,3.0877415887575,0
"596","30","photosynthesis",126.645297210374,109.713984389527,101.284775268122,106.286647814526,25.360521942252,8.42920912140499,0,5.001872546404,0
"597","7","photosynthesis",26.8415717213121,18.0842037752087,15.0512121809626,4.03237626090607,22.809195460406,14.0518275143026,11.0188359200565,0,1
"598","7","photosynthesis",23.8438309419095,9.73911138701556,7.65350034844811,9.74305170279965,16.1903305934614,2.08561103856745,0,2.08955135435154,0
"601","18","photosynthesis",-1.52745860568142,-18.3765138942936,0.597778147607208,-36.4277555967743,34.9002969910929,18.0512417024807,37.0255337443815,0,1
"602","18","photosynthesis",-6.66340769883971,-24.742187494149,-2.20165632352912,-21.7295145531054,18.0787797953093,0,22.5405311706199,3.0126729410436,0
"603","19","photosynthesis",5.93194717526656,-50.2606964807824,-48.7469843597505,-35.7450454131498,56.192643656049,0,1.5137121210319,14.5156510676326,0
"604","18","photosynthesis",-33.726943326084,-64.8524733431979,-57.2841983681156,-78.4807709893594,44.7538276632754,13.6282976461615,21.1965726212438,0,1
"615","6","photosynthesis",29.8237546304265,25.6777941923612,29.6880834239055,20.4163703467129,9.4073842837136,5.2614238456483,9.2717130771926,0,1
"616","6","photosynthesis",17.1552961815943,17.7395137910074,25.6056755750898,21.051961687495,0,0.584217609413102,8.4503793934955,3.8966655059007,0
"617","6","photosynthesis",35.0152517273421,35.6895903627743,37.654233698624,39.3862540018069,0,0.6743386354322,2.6389819712819,4.3710022744648,0
"618","6","photosynthesis",30.6752301593843,13.0072067234568,32.0925540126895,29.2577041679774,17.6680234359275,0,19.0853472892327,16.2504974445206,0
"619","6","photosynthesis",32.7016318676118,18.7857805175332,46.8161816593339,29.7517462556329,13.9158513500786,0,28.0304011418007,10.9659657380997,0
"621","6","photosynthesis",29.4916847058614,24.3263768306138,53.2142966711302,38.0561518772139,5.1653078752476,0,28.8879198405164,13.7297750466001,0
"622","6","photosynthesis",20.0969276359676,18.0775447164951,49.3389884370407,5.66445513534276,14.4324725006248,12.4130895811523,43.6745333016979,0,1
"623","6","photosynthesis",20.0518573131519,21.652246822465,45.7603077529501,25.6087928587551,0,1.6003895093131,25.7084504397982,5.5569355456032,0
"624","6","photosynthesis",26.1555921079243,18.4931039102617,34.9221377897467,21.53755342283,7.6624881976626,0,16.429033879485,3.0444495125683,0
"625","6","photosynthesis",29.6086278207834,18.2093363925722,35.8217647820141,23.1500133203804,11.3992914282112,0,17.6124283894419,4.9406769278082,0
"626","6","photosynthesis",28.5280476839831,14.0241164840703,37.3399070667616,9.64802538678354,18.8800222971996,4.37609109728676,27.6918816799781,0,1
"637","11","photosynthesis",19.882341877058,2.04750382693003,43.8773946704602,-1.50157469957461,21.3839165766326,3.54907852650464,45.3789693700348,0,1
"638","7","photosynthesis",5.20227572905725,7.02354917486437,14.1309269086634,4.33511899448091,0.867156734576341,2.68843018038346,9.79580791418249,0,1
"644","6","photosynthesis",29.855636327004,29.7816074174627,26.1328565028349,36.467085893533,3.7227798241691,3.6487509146278,0,10.3342293906981,0
"645","6","photosynthesis",18.8235601374027,19.563860793411,26.2403041446651,20.6861406613052,0,0.740300656008298,7.4167440072624,1.8625805239025,1
"646","6","photosynthesis",13.4306366122895,9.02381134042066,19.535255483929,19.7553966933712,4.40682527186884,0,10.5114441435083,10.7315853529505,0
"650","6","photosynthesis",-27.0431397922282,-27.4022659293003,-15.9629355734309,-38.6927835611498,11.6496437689216,11.2905176318495,22.7298479877189,0,1
"652","8","photosynthesis",-5.82873982108888,-13.2322939633914,-8.46504101457568,30.2165048230851,7.40355414230252,0,4.76725294881572,43.4487987864765,0
"653","14","photosynthesis",-5.77082172017269,-25.3960686105692,-1.7383852872601,9.83665802472139,19.6252468903965,0,23.6576833233091,35.2327266352906,0
"654","25","photosynthesis",-3.40700136604732,-17.9509603918472,-10.6691439387046,-3.62649627258606,14.5439590257999,0,7.2818164531426,14.3244641192611,0
"658","15","photosynthesis",24.857310363685,23.7674580167935,35.1958447615611,21.5325030572591,3.3248073064259,2.2349549595344,13.663341704302,0,1
"659","15","photosynthesis",32.384375084578,-0.935454890202061,16.2505727635975,-28.1891582811342,60.5735333657122,27.2537033909321,44.4397310447317,0,1
"660","13","photosynthesis",36.0447793597917,11.3739830500242,13.146273828782,-5.9199839741715,41.9647633339632,17.2939670241957,19.0662578029535,0,1
"661","6","photosynthesis",37.9462314301391,36.0052840456187,36.1648144616083,36.7220757035776,1.9409473845204,0,0.1595304159896,0.7167916579589,1
"662","6","photosynthesis",26.8244445107573,28.1954353056789,26.5600351967276,31.9674871902781,0.264409314029699,1.6354001089513,0,5.4074519935505,0
"665","6","photosynthesis",-8.89100811744654,-21.8377358588894,23.9156418110916,-7.98855802733854,12.9467277414429,0,45.753377669981,13.8491778315509,0
"666","6","photosynthesis",-13.5858520444519,-22.6320080561993,-2.29985536229815,-37.9353123314176,24.3494602869657,15.3033042752183,35.6354569691194,0,1
"667","8","photosynthesis",-6.13029635905688,-7.83886711755334,14.3055070439629,6.34862752983187,1.70857075849646,0,22.1443741615162,14.1874946473852,0
"669","19","photosynthesis",42.4585544833318,42.894750726444,42.2782325731992,54.9628324269556,0.180321910132605,0.616518153244805,0,12.6845998537564,0
"670","17","photosynthesis",81.3637066940167,82.905947631705,83.9106365168591,85.4484681041687,0,1.54224093768831,2.5469298228424,4.084761410152,0
"671","7","photosynthesis",53.873242173418,46.9063817346996,36.0356521566602,49.285752472611,17.8375900167578,10.8707295780394,0,13.2501003159508,0
"672","10","photosynthesis",77.2303176126371,62.992465327271,42.7324220395441,68.3593002563978,34.497895573093,20.2600432877269,0,25.6268782168537,0
"673","7","photosynthesis",28.7699288721109,30.6821994769902,37.3313510388131,30.5138916111514,0,1.9122706048793,8.5614221667022,1.7439627390405,1
"674","7","photosynthesis",24.2348121775079,18.5859955419383,31.0637689548917,19.4756928254964,5.6488166355696,0,12.4777734129534,0.8896972835581,1
"675","7","photosynthesis",38.3132027701459,40.2505229666235,39.7943521924432,39.3146128556202,0,1.9373201964776,1.4811494222973,1.0014100854743,1
"677","7","photosynthesis",36.3559321908633,38.1998989567646,39.0456414483628,37.8657449957999,0,1.8439667659013,2.6897092574995,1.5098128049366,1
"678","7","photosynthesis",39.6160214877559,35.0555417822212,42.6239883303935,35.2805912487956,4.5604797055347,0,7.5684465481723,0.225049466574404,1
"679","7","photosynthesis",47.0888233960124,48.8776568603994,48.0595784437886,48.4364974012498,0,1.788833464387,0.970755047776201,1.3476740052374,1
"681","12","photosynthesis",5.70500420790543,8.03094683651858,9.39592556776326,10.7637608943589,0,2.32594262861315,3.69092135985783,5.05875668645347,0
"682","11","photosynthesis",-3.93459518485,-11.3477480599347,3.51130583598582,-18.3288367219846,14.3942415371346,6.9810886620499,21.8401425579704,0,1
"684","6","photosynthesis",-8.6703896786925,-23.2109555755883,-4.71630774345819,-19.7856671969831,14.5405658968958,0,18.4946478321301,3.4252883786052,0
"691","7","photosynthesis",50.0025065460179,33.3819326253649,39.7467569026863,49.4895336891588,16.620573920653,0,6.3648242773214,16.1076010637939,0
"692","7","photosynthesis",55.2572533971433,56.0239632602439,61.0423742698616,47.1159766995054,8.1412766976379,8.9079865607385,13.9263975703562,0,1
"695","9","photosynthesis",17.6319480383616,19.4555450753623,25.2934070080046,13.4179319995248,4.2140160388368,6.0376130758375,11.8754750084798,0,1
"696","8","photosynthesis",88.5388180147845,66.8287915042066,78.0351235303674,62.6980793408932,25.8407386738913,4.1307121633134,15.3370441894742,0,1
"743","10","photosynthesis",65.6973920839504,67.479733207423,65.5320835821953,67.2030324481868,0.165308501755106,1.9476496252277,0,1.67094886599151,1
"744","15","photosynthesis",99.5029822453195,96.6717721582893,98.6501241425237,96.8507012178233,2.8312100870302,0,1.97835198423439,0.178929059533999,1
"745","16","photosynthesis",102.123538402457,104.576979781248,104.578462635051,104.805570295771,0,2.453441378791,2.454924232594,2.682031893314,0
"746","15","photosynthesis",68.4935421687684,71.2015918344792,84.2914041334121,66.847864044052,1.6456781247164,4.3537277904272,17.4435400893601,0,1
"747","6","photosynthesis",23.303741018291,8.45285267513902,27.0720277143722,-6.37631060106962,29.6800516193606,14.8291632762086,33.4483383154418,0,1
"748","6","photosynthesis",8.90517417757406,2.98589996381892,25.9972130075915,6.36043084428184,5.91927421375514,0,23.0113130437726,3.37453088046292,0
"749","6","photosynthesis",11.6382492983423,3.08826482929704,25.0812498319222,4.31730857050035,8.54998446904526,0,21.9929850026252,1.22904374120331,1
"750","6","photosynthesis",1.85385562612601,-13.5187533221094,10.7927632841751,-8.68018607991924,15.3726089482354,0,24.3115166062845,4.83856724219016,0
"751","6","photosynthesis",-9.76020054140666,-9.49547837361632,7.92425378685956,-2.81395849282564,0,0.264722167790339,17.6844543282662,6.94624204858102,0
"752","6","photosynthesis",8.29716391244363,-7.7372374874414,21.7209439791267,-2.72957243932809,16.034401399885,0,29.4581814665681,5.00766504811331,0
"753","6","photosynthesis",-1.78976018860103,-1.35450181169047,0.222230311457924,3.80772049037928,0,0.43525837691056,2.01199050005895,5.59748067898031,0
"754","6","photosynthesis",7.58061836702159,-2.00472170171536,24.4838632222109,10.9582165299553,9.58534006873695,0,26.4885849239263,12.9629382316707,0
"756","6","photosynthesis",28.7241162932382,28.0904094245971,26.9513510604988,41.3205119025446,1.7727652327394,1.1390583640983,0,14.3691608420458,0
"757","6","photosynthesis",25.6587870130275,21.1072664659435,22.2166537455469,14.6658469950051,10.9929400180224,6.4414194709384,7.5508067505418,0,1
"758","7","photosynthesis",27.896674196699,20.3443634550128,20.2032126012761,56.2281782803207,7.6934615954229,0.141150853736701,0,36.0249656790446,0
"759","6","photosynthesis",25.2122581555711,27.0027127436979,27.7565562819762,21.3695596690134,3.8426984865577,5.6331530746845,6.3869966129628,0,1
"761","6","photosynthesis",20.1805876148229,11.8031079343391,28.0794677024809,12.7754448592142,8.3774796804838,0,16.2763597681418,0.972336924875101,1
"764","6","photosynthesis",22.3635239757094,19.082577401302,21.8638695830484,14.1370019793431,8.2265219963663,4.9455754219589,7.7268676037053,0,1
"766","7","photosynthesis",31.6308805640127,31.9970200888052,35.6938389561398,21.4041778181512,10.2267027458615,10.592842270654,14.2896611379886,0,1
"767","6","photosynthesis",16.0244770294908,17.7816105794377,21.6657338319374,15.7368460687641,0.2876309607267,2.0447645106736,5.9288877631733,0,1
"768","7","photosynthesis",21.7225245796512,23.6189688807285,37.4404818981054,24.0668443775436,0,1.8964443010773,15.7179573184542,2.3443197978924,0
"770","7","photosynthesis",32.8751974921452,32.0550106849488,39.0857385104838,27.4829872840882,5.392210208057,4.5720234008606,11.6027512263956,0,1
"771","6","photosynthesis",10.4763447928838,9.95893416569266,20.462338162445,-3.32784475529952,13.8041895481833,13.2867789209922,23.7901829177445,0,1
"772","6","photosynthesis",12.8952737959149,-5.78284143289163,22.4611640994131,-5.017723283133,18.6781152288065,0,28.2440055323047,0.765118149758631,1
"774","6","photosynthesis",22.0161180127865,21.6102740763668,27.958122995027,8.5193532546296,13.4967647581569,13.0909208217372,19.4387697403974,0,1
"777","6","photosynthesis",15.7751498495226,13.7483739548139,35.6075721714051,10.197813119743,5.5773367297796,3.5505608350709,25.4097590516621,0,1
"778","8","photosynthesis",36.331280336111,27.4893824321018,51.8500412174742,24.670618602347,11.660661733764,2.8187638297548,27.1794226151272,0,1
"779","8","photosynthesis",43.6204063960761,37.1949186271601,38.664749659527,33.1630358343506,10.4573705617255,4.0318827928095,5.5017138251764,0,1
"780","8","photosynthesis",25.8149296184034,17.4002987219087,13.4729743102299,24.7579659657881,12.3419553081735,3.9273244116788,0,11.2849916555582,0
"781","8","photosynthesis",24.566747506982,21.1366960914734,22.4150356891674,18.0842582072268,6.4824892997552,3.0524378842466,4.3307774819406,0,1
"782","10","photosynthesis",29.7249825835902,30.6372243651128,30.0944928765902,29.0496946017299,0.675287981860301,1.5875297633829,1.0447982748603,0,1
"783","10","photosynthesis",37.4562183196667,39.5318289985953,41.6057818065416,37.0515044267489,0.404713892917798,2.4803245718464,4.5542773797927,0,1
"784","8","photosynthesis",18.27443048462,14.8489465884913,30.628157940581,11.6427558650049,6.6316746196151,3.2061907234864,18.9854020755761,0,1
"785","12","photosynthesis",6.34971412891386,8.2410533765667,41.1784181238817,26.2431644734725,0,1.89133924765284,34.8287039949678,19.8934503445586,0
"786","11","photosynthesis",29.170852066193,28.7328337394573,41.3889310350521,28.6937277140729,0.4771243521201,0.0391060253843989,12.6952033209792,0,1
"787","10","photosynthesis",20.586464817303,22.8802999480489,34.3444258483111,24.5803106006209,0,2.2938351307459,13.7579610310081,3.9938457833179,0
"788","9","photosynthesis",21.4242765946827,22.6670820189211,33.0768176897459,23.2915921759464,0,1.2428054242384,11.6525410950632,1.8673155812637,1
"789","6","photosynthesis",21.9112061816996,14.5975264959739,15.3236395189938,36.1650167367988,7.3136796857257,0,0.7261130230199,21.5674902408249,0
"790","6","photosynthesis",30.0592359393555,5.11596130374387,19.4560539818415,-11.3869066726627,41.4461426120182,16.5028679764066,30.8429606545042,0,1
"791","6","photosynthesis",30.0906515623313,22.7594767151672,25.6778464541543,21.4158736327341,8.6747779295972,1.3436030824331,4.2619728214202,0,1
"792","6","photosynthesis",25.3102546202929,22.1947196805793,22.8091574378484,19.8387269840564,5.4715276362365,2.3559926965229,2.970430453792,0,1
"793","7","photosynthesis",23.6266144264901,21.4640805078901,35.449440638892,34.225144665758,2.1625339186,0,13.9853601310019,12.7610641578679,0
"794","7","photosynthesis",24.1825837201683,15.334355444024,41.1914640540671,45.6338631374719,8.8482282761443,0,25.8571086100431,30.2995076934479,0
"795","7","photosynthesis",29.5400694464852,16.9854886073075,36.3476116615572,48.3600656860521,12.5545808391777,0,19.3621230542497,31.3745770787446,0
"796","10","photosynthesis",31.3752565629113,30.3533353421444,30.2649164455088,59.6618143107843,1.1103401174025,0.0884188966356021,0,29.3968978652755,0
"797","12","photosynthesis",51.8623836886616,39.4345202830462,32.7384389323634,46.0889472061123,19.1239447562982,6.6960813506828,0,13.3505082737489,0
"798","9","photosynthesis",24.1075742011853,15.7703643902813,23.9194576892426,7.50507726109471,16.6024969400906,8.26528712918659,16.4143804281479,0,1
"804","11","photosynthesis",36.6938431170258,27.7440386811309,39.147542644175,16.0880396512711,20.6058034657547,11.6559990298598,23.0595029929039,0,1
"805","11","photosynthesis",21.2369004033811,23.086944298705,56.4031260750448,4.22860680014473,17.0082936032364,18.8583374985603,52.1745192749001,0,1
"806","11","photosynthesis",25.5321632214129,27.7724898554904,59.4408823823996,21.3376441447371,4.1945190766758,6.4348457107533,38.1032382376625,0,1
"807","11","photosynthesis",15.849423245051,17.3722597087392,63.8388114996297,6.16153786148058,9.68788538357042,11.2107218472586,57.6772736381491,0,1
"808","11","photosynthesis",15.7606607517466,17.0327658545508,59.8792984551317,34.9186107779036,0,1.2721051028042,44.1186377033851,19.157950026157,0
"809","11","photosynthesis",37.8871331925505,27.0164081194052,37.7599772187576,27.4896579560795,10.8707250731453,0,10.7435690993524,0.473249836674302,1
"810","11","photosynthesis",53.9070485288485,32.4621810124115,48.6008092959886,22.5398355736052,31.3672129552433,9.9223454388063,26.0609737223834,0,1
"811","11","photosynthesis",56.0274569495398,35.2900079563495,51.6298339289378,11.0562687061295,44.9711882434103,24.23373925022,40.5735652228083,0,1
"812","11","photosynthesis",50.8387827678807,37.3037292212965,50.4494285083119,26.6156218777763,24.2231608901044,10.6881073435202,23.8338066305356,0,1
"813","11","photosynthesis",55.412304748359,36.1637482194577,50.1468116939334,25.8679395753933,29.5443651729657,10.2958086440644,24.2788721185401,0,1
"814","17","photosynthesis",55.1970414490274,56.6793321972633,73.9430210203288,68.7382928168756,0,1.4822907482359,18.7459795713014,13.5412513678482,0
"815","15","photosynthesis",36.055619795893,37.7809687019112,55.8962179936827,44.2380332676387,0,1.7253489060182,19.8405981977897,8.1824134717457,0
"816","17","photosynthesis",64.6394547765786,61.4313556713366,84.6297217410489,69.144132819362,3.20809910524201,0,23.1983660697123,7.7127771480254,0
"817","17","photosynthesis",44.0290264463842,46.379432285484,89.5485662882638,60.6258292882015,0,2.3504058390998,45.5195398418796,16.5968028418173,0
"818","8","photosynthesis",24.1244786660344,19.9275472913744,47.2052222673317,23.2479513876002,4.19693137466,0,27.2776749759573,3.3204040962258,0
"819","9","photosynthesis",29.0642085743042,31.2578938680787,41.0692396529156,32.55133975524,0,2.1936852937745,12.0050310786114,3.4871311809358,0
"820","8","photosynthesis",33.6283087685676,15.3891332441012,43.3152222256083,13.0237584388456,20.604550329722,2.3653748052556,30.2914637867627,0,1
"821","9","photosynthesis",30.5466425660879,21.0050050201535,45.956161422228,24.5562182063603,9.5416375459344,0,24.9511564020745,3.5512131862068,0
"822","8","photosynthesis",25.2556632312117,27.3347029373488,36.5006146350949,30.1760811645867,0,2.0790397061371,11.2449514038832,4.920417933375,0
"823","8","photosynthesis",20.1506711030121,21.4620564610542,35.7389448357511,22.0748522354461,0,1.3113853580421,15.588273732739,1.924181132434,1
"824","8","photosynthesis",19.9141780188907,21.9693195584233,36.3947968487652,17.6538972073949,2.2602808114958,4.3154223510284,18.7408996413703,0,1
"825","9","photosynthesis",18.8643328744616,20.7980266135252,32.8885638179683,13.8364768743826,5.027856000079,6.9615497391426,19.0520869435857,0,1
"826","7","photosynthesis",26.4148034920689,28.3473588997468,37.7156223406117,26.4279766113635,0,1.9325554076779,11.3008188485428,0.0131731192946027,1
"827","9","photosynthesis",45.1956552470134,35.3584411656926,36.2724726140362,44.955260941944,9.8372140813208,0,0.9140314483436,9.5968197762514,0
"828","8","photosynthesis",27.1536297880065,27.1562080028704,37.0801867584392,34.4549766997598,0,0.00257821486389886,9.9265569704327,7.3013469117533,0
"829","8","photosynthesis",16.5124054621286,17.5816252254974,35.0716986290523,11.9146751513029,4.5977303108257,5.6669500741945,23.1570234777494,0,1
"830","7","photosynthesis",24.0647808106246,3.74339588563736,33.0858629800617,0.983249915579125,23.0815308950455,2.76014597005824,32.1026130644826,0,1
"831","8","photosynthesis",23.8237860043235,9.7374279697084,41.1403692013448,11.1316423054066,14.0863580346151,0,31.4029412316364,1.3942143356982,1
"832","7","photosynthesis",28.0538975036636,20.0028627773933,22.5808901451756,17.2996954960612,10.7542020076024,2.7031672813321,5.2811946491144,0,1
"833","8","photosynthesis",35.9623059378137,17.6505836159454,17.9583968104633,27.1886642667252,18.3117223218683,0,0.307813194517898,9.5380806507798,0
"842","14","photosynthesis",-23.1058663262031,-20.6971294290566,10.3939539498456,-17.0201804316008,0,2.4087368971465,33.4998202760487,6.0856858946023,0
"843","14","photosynthesis",-15.2395877100272,-12.7120590131458,6.20970384807269,4.34121204844931,0,2.5275286968814,21.4492915580999,19.5807997584765,0
"844","14","photosynthesis",-11.228040710026,-12.4759410034259,-14.3004287638801,4.42097645799115,3.0723880538541,1.8244877604542,0,18.7214052218713,0
"845","14","photosynthesis",10.2063096516607,10.7104137938119,9.44316974625787,30.507478502155,0.763139905402829,1.26724404755403,0,21.0643087558971,0
"846","14","photosynthesis",32.6023330191725,30.0755527247396,24.765425215098,76.7610009714024,7.8369078040745,5.3101275096416,0,51.9955757563044,0
"901","6","photosynthesis",17.8314468172323,5.02913207054575,23.9188602771195,12.5712738215617,12.8023147466866,0,18.8897282065737,7.54214175101595,0
"5","12","respiration",-19.1498723772861,-17.1315947660496,-19.0695459099921,-20.8064689398358,1.6565965625497,3.6748741737862,1.7369230298437,0,1
"6","8","respiration",-24.5678371919571,-22.6234648503086,-23.9850079822578,-5.95659228618705,0,1.9443723416485,0.582829209699298,18.6112449057701,0
"12","8","respiration",-21.1303922443436,-19.5854979669985,-21.2927539521666,-16.1980403869605,0.162361707822999,1.7072559851681,0,5.0947135652061,0
"14","10","respiration",45.8226409698712,47.3845211942917,46.4016609297331,43.6541163238647,2.1685246460065,3.730404870427,2.7475446058684,0,1
"16","10","respiration",47.0585311826274,48.4955339207112,46.472590277423,62.6647177604182,0.585940905204396,2.0229436432882,0,16.1921274829952,0
"18","7","respiration",-6.06684618567908,-4.99621567670804,-4.91034096774698,6.68120529668923,0,1.07063050897104,1.1565052179321,12.7480514823683,0
"20","8","respiration",-8.21644357728227,-8.30799358159683,3.59008910919032,-1.43475453909195,0.091550004314561,0,11.8980826907872,6.87323904250488,0
"22","7","respiration",-9.18232587796005,-13.6306795948621,-2.36003973475696,-5.87649202689245,4.44835371690205,0,11.2706398601051,7.75418756796965,0
"28","8","respiration",-38.4599400037021,-38.8267131364154,-34.057062657851,-38.1062457187871,0.366773132713298,0,4.7696504785644,0.720467417628299,1
"31","8","respiration",-51.7450574438981,-55.5434705354489,-41.3016822293139,-51.905359088469,3.7984130915508,0,14.241788306135,3.6381114469799,0
"34","8","respiration",-29.7818947741836,-38.2034311602939,-25.8026600037899,-27.7795621668043,8.4215363861103,0,12.400771156504,10.4238689934896,0
"37","8","respiration",-30.180361135941,-28.1072618854103,-21.883875044601,-28.9794971173575,0,2.0730992505307,8.29648609134,1.2008640185835,1
"40","8","respiration",-27.1872066938625,-26.5775171152194,-21.7337649038976,-24.2160766650873,0,0.609689578643099,5.4534417899649,2.9711300287752,0
"43","8","respiration",-23.154661061286,-25.0208036433093,-20.8484504372004,-21.4447894526554,1.8661425820233,0,4.1723532061089,3.5760141906539,0
"46","8","respiration",-17.9304311740622,-15.8934998562719,-12.7905510538934,-15.266716274826,0,2.0369313177903,5.1398801201688,2.6637148992362,0
"49","8","respiration",-15.7526685672502,-13.6738492375939,-11.7764875329479,-14.125217737658,0,2.0788193296563,3.9761810343023,1.6274508295922,1
"106","25","respiration",16.9428859491702,19.8656755929627,16.7879569231223,20.1999167613434,0.154929026047899,3.0777186698404,0,3.4119598382211,0
"108","6","respiration",5.43369128104652,7.04708662172091,7.79518127288047,9.36714405969392,0,1.61339534067439,2.36148999183395,3.9334527786474,0
"113","6","respiration",-18.0903756227811,-29.3264156051069,3.07598440685381,-8.4391351232226,11.2360399823258,0,32.4024000119607,20.8872804818843,0
"115","6","respiration",-5.17305287244422,-42.0852512229097,-2.29385318787551,1.76006754034306,36.9121983504655,0,39.7913980350342,43.8453187632528,0
"145","7","respiration",31.6849141977371,22.3912647144683,33.583640589781,23.9564856062237,9.2936494832688,0,11.1923758753127,1.5652208917554,1
"147","7","respiration",39.4991035646347,34.3766199118159,30.6947324139072,37.2871756902683,8.8043711507275,3.6818874979087,0,6.5924432763611,0
"149","7","respiration",22.7433519315294,21.3530498209358,19.1968013556301,20.6816619332118,3.5465505758993,2.1562484653057,0,1.4848605775817,1
"150","13","respiration",8.79773904504687,6.05762499727594,5.60030814174403,8.50984143681549,3.19743090330284,0.45731685553191,0,2.90953329507146,0
"151","7","respiration",7.12202525619787,-3.59468966963113,-0.60607230762282,2.2131359584473,10.716714925829,0,2.98861736200831,5.80782562807843,0
"152","14","respiration",71.1547477808734,46.036669041663,50.6880524614033,41.1986778582285,29.9560699226449,4.8379911834345,9.4893746031748,0,1
"153","11","respiration",58.5588831578861,42.2506569395206,43.263228369992,17.1998701230034,41.3590130348827,25.0507868165172,26.0633582469886,0,1
"154","15","respiration",77.4050733422287,65.8876882023805,68.3931785884985,62.2131198947997,15.191953447429,3.6745683075808,6.1800586936988,0,1
"155","14","respiration",59.1569407618425,49.9566646952655,60.2855642659005,65.316238872614,9.200276066577,0,10.328899570635,15.3595741773485,0
"156","22","respiration",144.615520401595,95.2167752128369,115.137861963297,93.0372381561945,51.5782822454005,2.17953705664239,22.1006238071025,0,1
"157","22","respiration",144.391071615815,102.129395534749,121.539616682495,105.534283254431,42.261676081066,0,19.410221147746,3.40488771968201,0
"184","7","respiration",0.671194716703417,2.44172429044958,1.04879618712311,11.088167058394,0,1.77052957374616,0.377601470419693,10.4169723416906,0
"185","7","respiration",-7.52122027507138,-9.62885676819381,-2.34817236155375,-9.04660039600996,2.10763649312243,0,7.28068440664006,0.582256372183849,1
"186","7","respiration",-10.3625453199144,-19.1482610286958,-1.88023729625701,-14.1042411186296,8.7857157087814,0,17.2680237324388,5.0440199100662,0
"187","7","respiration",-12.4768701924087,-14.9037614352345,-7.11058206025817,-8.45958409894865,2.4268912428258,0,7.79317937497633,6.44417733628585,0
"188","7","respiration",-15.9621103099951,-20.1234448486106,-5.04165356776072,-16.7310232247901,4.1613345386155,0,15.0817912808499,3.3924216238205,0
"189","7","respiration",-13.9311900152363,-19.2829861214999,-1.80492597619722,-9.21706959592057,5.3517961062636,0,17.4780601453027,10.0659165255793,0
"190","7","respiration",-9.9685064614247,-9.45737845006481,-0.282430993019527,-7.5852491410196,0,0.51112801135989,9.68607546840517,2.3832573204051,0
"191","7","respiration",-13.4417700858301,-13.2002169340115,-4.98005289216335,-10.5149995097001,0,0.2415531518186,8.46171719366675,2.92677057613,0
"192","7","respiration",-14.5558632871506,-21.9409347650144,-3.74734697835334,-12.6415669226667,7.3850714778638,0,18.1935877866611,9.2993678423477,0
"193","7","respiration",-17.3807049573102,-17.7121376049135,-14.5730797225965,2.40911512219942,0.3314326476033,0,3.139057882317,20.1212527271129,0
"194","6","respiration",-13.6768642795798,-15.0253131985803,-0.513716647878553,-6.56501278052265,1.3484489190005,0,14.5115965507017,8.46030041805765,0
"196","6","respiration",-10.6277373054164,-10.3045737000848,-11.3592573047501,-2.75684190125725,0.731519999333701,1.0546836046653,0,8.60241540349285,0
"197","6","respiration",-8.05468012223476,-21.8156472955563,-17.4545652222501,-1.95521226521365,13.7609671733215,0,4.3610820733062,19.8604350303427,0
"198","6","respiration",-8.23117446192584,-13.4526095328632,-11.8086675270402,-30.0914002953087,21.8602258333829,16.6387907624455,18.2827327682685,0,1
"199","6","respiration",-9.66711489625135,-10.8335619373918,-12.9305665784901,-12.1425067032998,3.26345168223875,2.0970046410983,0,0.788059875190299,1
"200","6","respiration",-17.9251903955815,-23.4806037509056,-11.2973839954366,-11.2551408032197,5.5554133553241,0,12.183219755469,12.2254629476859,0
"207","9","respiration",-41.1287434434741,-39.0759173070989,-40.9044164133628,-37.4991061827934,0,2.0528261363752,0.224327030111297,3.6296372606807,0
"208","8","respiration",-29.7617512028535,-27.9282391715367,-28.7318637717448,-26.9411544863069,0,1.8335120313168,1.0298874311087,2.8205967165466,0
"209","8","respiration",-32.4514671378563,-34.8159080668553,-32.3455485225214,-33.3846005471708,2.364440928999,0,2.4703595443339,1.4313075196845,1
"212","6","respiration",41.3388287090872,16.4528726850484,42.3933614401023,44.0022038367258,24.8859560240388,0,25.9404887550539,27.5493311516774,0
"213","6","respiration",27.8259235887205,10.4959273206692,29.1153067354751,33.5575450588053,17.3299962680513,0,18.6193794148059,23.0616177381361,0
"214","13","respiration",-19.6951646690655,-19.0305015887148,-11.7786733207445,-15.8212147694177,0,0.664663080350699,7.916491348321,3.8739498996478,0
"215","15","respiration",-25.563716729397,-23.712890231832,-25.287197927041,-19.7541204138486,0,1.850826497565,0.276518802356001,5.8095963155484,0
"222","10","respiration",52.1272870261826,54.1246454655132,51.9817215006132,54.0948243339871,0.145565525569403,2.1429239649,0,2.1131028333739,0
"223","6","respiration",-7.51058563808602,-10.8658844512024,-13.2432486019813,-8.92129402427505,5.73266296389528,2.3773641507789,0,4.32195457770625,0
"224","6","respiration",-3.94649836055489,-11.7858302096519,-3.91813133142457,-5.05845205873441,7.83933184909701,0,7.86769887822733,6.72737815091749,0
"225","6","respiration",-11.7841388023448,-10.0183087614122,-2.96575788780761,-4.98882467859758,0,1.7658300409326,8.81838091453719,6.79531412374722,0
"226","6","respiration",-6.33808083397938,-4.5938292446062,-5.4523927207722,-4.40280626185138,0,1.74425158937318,0.885688113207181,1.935274572128,1
"229","8","respiration",53.6881278459706,54.3376763540782,54.4163913920996,55.0337945582099,0,0.6495485081076,0.728263546129,1.3456667122393,1
"230","8","respiration",33.2735797867024,19.8531304736824,38.4828671298326,32.9421828303487,13.42044931302,0,18.6297366561502,13.0890523566663,0
"232","8","respiration",37.5279747969434,34.424644662296,45.7471258987521,45.8765314194903,3.1033301346474,0,11.3224812364561,11.4518867571943,0
"233","8","respiration",29.7950215989193,24.5708458033152,35.4848694522521,28.4201140163921,5.2241757956041,0,10.9140236489369,3.8492682130769,0
"234","8","respiration",49.6159817781876,51.1129340544462,55.692831966966,55.3524262095256,0,1.4969522762586,6.07685018877839,5.736444431338,0
"236","6","respiration",-0.788923082774733,0.05269921118194,2.81897939319983,1.84045928859095,0,0.841622293956673,3.60790247597456,2.62938237136568,0
"238","16","respiration",34.2203393714282,32.3013965781073,29.0632423589853,25.7706108409731,8.4497285304551,6.5307857371342,3.2926315180122,0,1
"239","35","respiration",128.268457770128,100.793685734163,94.3413807638768,102.334259247864,33.9270770062512,6.45230497028621,0,7.9928784839872,0
"240","6","respiration",5.22826821962065,-2.56605071307589,12.8320738623823,10.3727347507161,7.79431893269654,0,15.3981245754582,12.938785463792,0
"248","6","respiration",6.2236774101167,-8.28849653414173,15.3103235838509,11.3333501694256,14.5121739442584,0,23.5988201179926,19.6218467035673,0
"261","8","respiration",17.9283964717963,10.8591627137198,4.8105454772994,15.8041113021938,13.1178509944969,6.0486172364204,0,10.9935658248944,0
"264","7","respiration",13.1770604226256,-20.8162162546967,2.08041112217325,-2.25941091740569,33.9932766773223,0,22.8966273768699,18.556805337291,0
"265","8","respiration",14.2351158342131,9.60888913469564,6.94309190347562,13.3311581857229,7.29202393073748,2.66579723122002,0,6.38806628224728,0
"267","6","respiration",13.8620432059383,13.1567038638625,20.0284589514479,13.1036520186284,0.758391187309899,0.0530518452340996,6.9248069328195,0,1
"268","6","respiration",16.6190968359418,17.8020022947572,18.1392622135127,14.4125857311763,2.2065111047655,3.3894165635809,3.7266764823364,0,1
"270","9","respiration",30.1536402211683,25.161603086217,31.173427589245,36.9821327113532,4.9920371349513,0,6.011824503028,11.8205296251362,0
"272","10","respiration",25.0318353958355,26.2175223123732,33.7774654875421,28.0711610010717,0,1.1856869165377,8.7456300917066,3.0393256052362,0
"273","10","respiration",37.1015052337422,38.0722531256806,45.0238990927637,57.4570400046785,0,0.970747891938395,7.9223938590215,20.3555347709363,0
"303","23","respiration",82.5934972320995,84.2305974203103,82.9565006346043,85.6786473573987,0,1.63710018821081,0.363003402504802,3.08515012529921,0
"306","6","respiration",18.3026768042217,13.5278750047171,19.3492775669029,20.7535463876231,4.7748017995046,0,5.8214025621858,7.225671382906,0
"307","6","respiration",-1.45197122099154,-7.49609762917984,9.05587942571617,12.1414764013485,6.0441264081883,0,16.551977054896,19.6375740305283,0
"308","24","respiration",33.7692011510482,32.408689826561,36.1027691410071,39.0001043592344,1.3605113244872,0,3.6940793144461,6.5914145326734,0
"320","11","respiration",-32.0761753538017,-30.754670184616,-31.7579430976785,-30.9177184003091,0,1.3215051691857,0.318232256123203,1.1584569534926,1
"321","16","respiration",-37.0188782385411,-34.3504011481867,-33.0870322195907,-33.4229395019578,0,2.6684770903544,3.9318460189504,3.5959387365833,0
"343","9","respiration",63.7121235545419,61.7934651957598,66.8360565536395,66.1494951475843,1.9186583587821,0,5.04259135787969,4.3560299518245,0
"378","6","respiration",18.912669999424,-11.2039742503246,24.0671985540078,26.9642289909849,30.1166442497486,0,35.2711728043324,38.1682032413095,0
"380","6","respiration",13.8890251961834,4.86783565977725,4.55266137323765,16.2509767400013,9.33636382294575,0.3151742865396,0,11.6983153667636,0
"382","6","respiration",29.1586505082526,22.4661706980792,30.0248616513666,29.7823619692748,6.6924798101734,0,7.5586909532874,7.3161912711956,0
"387","6","respiration",35.6609628795722,36.8578992566048,38.710632364103,59.4968116967303,0,1.1969363770326,3.0496694845308,23.8358488171581,0
"390","6","respiration",23.8264985557638,25.5125092171375,26.0417196072913,45.3399297555317,0,1.6860106613737,2.2152210515275,21.5134311997679,0
"393","6","respiration",9.94139510517977,8.50070868485005,13.6146681244786,41.9063421304994,1.44068642032972,0,5.11395943962855,33.4056334456493,0
"396","6","respiration",18.1290110131317,19.8154056722739,24.7317184901888,48.0075777508518,0,1.6863946591422,6.6027074770571,29.8785667377201,0
"399","7","respiration",44.4545066042351,45.0617947317723,44.8499335826373,60.9247462796184,0,0.607288127537203,0.395426978402199,16.4702396753833,0
"402","6","respiration",36.7462220762163,37.4232410952956,36.7566537169501,38.3121658803657,0,0.677019019079303,0.010431640733799,1.5659438041494,1
"405","7","respiration",45.7339727925407,45.7777772599883,46.1130670028531,47.6634617375328,0,0.0438044674476004,0.379094210312402,1.9294889449921,1
"408","7","respiration",34.6257214915839,35.674372067041,37.2362254099378,34.5144518103319,0.111269681252004,1.1599202567091,2.7217735996059,0,1
"411","7","respiration",54.3718819949836,55.3886484921434,51.8947723192198,60.6218058205554,2.47710967576381,3.49387617292361,0,8.7270335013356,0
"414","6","respiration",43.6946461419928,41.6273732093738,37.8400044842797,48.6630246236793,5.8546416577131,3.7873687250941,0,10.8230201393996,0
"417","6","respiration",35.9577130860477,24.6467008122908,24.6393193691453,39.5082053006368,11.3183937169024,0.00738144314549771,0,14.8688859314915,0
"420","6","respiration",30.8832477051518,32.4776574402486,37.6652413500444,41.2635553518833,0,1.5944097350968,6.7819936448926,10.3803076467315,0
"423","6","respiration",37.128355050852,28.1756340059417,38.4104327873743,52.8585461678418,8.9527210449103,0,10.2347987814326,24.6829121619001,0
"424","11","respiration",-11.5368263246968,-9.60897127385166,3.22552111724349,-11.1700194196206,0,1.92785505084514,14.7623474419403,0.366806905076201,1
"425","11","respiration",9.93503867920695,11.8259303742137,9.28085751745908,6.20268957027705,3.7323491089299,5.62324080393665,3.07816794718203,0,1
"426","12","respiration",11.8963403482192,0.981465571138289,3.62921756888733,0.599534513673879,11.2968058345453,0.38193105746441,3.02968305521345,0,1
"427","12","respiration",-4.79595508987032,-4.75801219790218,-4.96093426746839,-4.47248228680778,0.164979177598069,0.20292206956621,0,0.48845198066061,1
"428","12","respiration",-2.20622351394043,0.249821944717919,1.35471665635158,0.269034081466184,0,2.45604545865835,3.56094017029201,2.47525759540661,0
"429","12","respiration",-11.8056225946221,-12.9792654808949,11.3707316865534,-3.03757918285103,1.1736428862728,0,24.3499971674483,9.94168629804387,0
"430","13","respiration",-2.32053431292279,-19.0762407374891,-2.65782554319713,-20.5720174051689,18.2514830922461,1.4957766676798,17.9141918619718,0,1
"431","13","respiration",-11.6544404125722,-22.4149916934437,-9.18929125719186,-16.0792574830287,10.7605512808715,0,13.2257004362518,6.335734210415,0
"432","12","respiration",3.94477645255524,3.01333553079272,6.84826382166009,-11.8313807996576,15.7761572522128,14.8447163304503,18.6796446213177,0,1
"433","13","respiration",-32.2726197375449,-37.9896445734395,-31.5072275346195,-35.3253924020336,5.7170248358946,0,6.48241703882,2.6642521714059,0
"434","13","respiration",-9.61099690897626,-13.3848748990881,-10.2342042075325,-28.9405197753799,19.3295228664036,15.5556448762918,18.7063155678474,0,1
"435","13","respiration",-28.3944956923515,-26.4430749194756,-15.5418425120869,-27.4462353021435,0,1.9514207728759,12.8526531802646,0.948260390208002,1
"436","10","respiration",1.19698648325465,-11.5274133548917,-4.38962625224988,-11.6506679544277,12.8476544376823,0.123254599536001,7.26104170217782,0,1
"437","10","respiration",1.81205892093223,-12.076621765745,-4.22744091389905,16.9672465827453,13.8886806866772,0,7.84918085184595,29.0438683484903,0
"438","10","respiration",-1.47142634117111,-22.6138818626235,-9.48437883398796,-26.7167501091977,25.2453237680266,4.1028682465742,17.2323712752097,0,1
"439","10","respiration",-7.18736414005188,-18.4862610747191,-16.2732778697574,-20.8232292422481,13.6358651021962,2.336968167529,4.5499513724907,0,1
"440","10","respiration",-1.54598670866599,-27.3589884171741,-12.2684678382166,-20.36296671044,25.8130017085081,0,15.0905205789575,6.9960217067341,0
"447","6","respiration",80.1326704859182,81.9049945301658,92.939818871044,92.9036908363387,0,1.7723240442476,12.8071483851258,12.7710203504205,0
"448","6","respiration",77.3913322400632,71.1250105771227,76.2087317639118,76.6185823722162,6.26632166294051,0,5.08372118678911,5.4935717950935,0
"449","6","respiration",57.939421119448,59.6573146500435,68.6060109593644,71.8295632515217,0,1.7178935305955,10.6665898399164,13.8901421320737,0
"450","6","respiration",72.8511550783876,74.6363199311122,74.3462591572411,75.402420776703,0,1.78516485272459,1.49510407885349,2.55126569831539,0
"455","6","respiration",72.9075258519016,56.1412181255729,78.3730163076754,78.7547947015256,16.7663077263287,0,22.2317981821025,22.6135765759527,0
"456","6","respiration",58.4936542185808,60.1787457468716,80.4422318752349,81.0046137949187,0,1.6850915282908,21.9485776566541,22.5109595763379,0
"457","6","respiration",76.8025754703193,78.5942556302131,76.8180445120088,78.2500357675164,0,1.7916801598938,0.0154690416894994,1.4474602971971,1
"458","6","respiration",74.6329229564083,73.0828223717322,74.9233151503108,75.9556207887197,1.55010058467609,0,1.84049277857859,2.87279841698749,0
"462","12","respiration",55.4802113287036,27.9040106521404,35.334544016292,65.0760492423026,27.5762006765632,0,7.4305333641516,37.1720385901622,0
"463","12","respiration",55.5198863497148,27.6883008166303,28.0508032285923,10.659683084557,44.8602032651578,17.0286177320733,17.3911201440353,0,1
"464","13","respiration",68.8015389864483,44.6623362861375,33.1119568213047,47.8315938235699,35.6895821651436,11.5503794648328,0,14.7196370022652,0
"465","11","respiration",63.6209975569866,39.2504213111055,31.6310796168889,39.7622701654224,31.9899179400977,7.6193416942166,0,8.1311905485335,0
"466","13","respiration",67.8110374672974,41.6743478732656,36.77009500362,76.0446296650759,31.0409424636774,4.9042528696456,0,39.2745346614559,0
"467","11","respiration",55.5530982129041,29.9617796841584,31.5482492127668,14.5923128756341,40.96078533727,15.3694668085243,16.9559363371327,0,1
"468","13","respiration",74.3450895542453,66.7871362071516,60.3718383954899,73.9337218540787,13.9732511587554,6.4152978116617,0,13.5618834585888,0
"469","11","respiration",64.7944906969172,51.6547037811376,47.8717340293711,48.8551101408008,16.9227566675461,3.7829697517665,0,0.983376111429699,1
"470","12","respiration",100.233376873781,98.4545176913886,97.0648540760442,95.6791973873918,4.5541794863892,2.77532030399681,1.3856566886524,0,1
"471","12","respiration",116.761757578417,95.2460643361396,98.4070006371947,104.297966992264,21.5156932422774,0,3.1609363010551,9.0519026561244,0
"472","10","respiration",82.0406960284309,80.9029413501338,85.3788226201181,85.8098352133378,1.1377546782971,0,4.4758812699843,4.906893863204,0
"473","10","respiration",84.2824120001481,76.4421324287216,77.9367935713046,76.7742510972208,7.84027957142649,0,1.494661142583,0.332118668499191,1
"474","9","respiration",78.7555524540219,75.0725201552631,75.6994298409955,73.8848575110487,4.8706949429732,1.18766264421441,1.81457232994681,0,1
"475","8","respiration",70.9409890526888,65.5873636425744,71.3193726820553,71.4518356184233,5.3536254101144,0,5.7320090394809,5.8644719758489,0
"476","8","respiration",72.9005958292718,64.3666447489905,73.2946771490677,70.7145194641499,8.5339510802813,0,8.9280324000772,6.34787471515941,0
"477","8","respiration",74.0478044717253,73.787164168972,71.784470872695,73.8573877860756,2.2633335990303,2.002693296277,0,2.07291691338061,0
"478","8","respiration",65.9642959881824,64.4651680332866,71.530724881373,70.6149847715829,1.4991279548958,0,7.0655568480864,6.14981673829629,0
"486","12","respiration",-17.5503632566962,-26.5342050441785,-5.11294087492675,-14.6052955210724,8.9838417874823,0,21.4212641692517,11.9289095231061,0
"488","11","respiration",-4.13611828681523,-8.555529480592,13.287925284636,10.5252622570331,4.41941119377677,0,21.843454765228,19.0807917376251,0
"490","14","respiration",12.1541424792395,10.686909023454,13.8621747759118,1.97256370702304,10.1815787722165,8.71434531643096,11.8896110688888,0,1
"506","7","respiration",20.7160246611788,21.9784655232868,35.1504946932201,36.165774532645,0,1.262440862108,14.4344700320413,15.4497498714662,0
"507","6","respiration",35.976777336349,36.2589727336308,36.322465428509,35.9336548399406,0.0431224964084009,0.325317893690197,0.388810588568397,0,1
"508","9","respiration",36.9132389176736,37.3203271263626,57.145477025765,41.596398473174,0,0.407088208688997,20.2322381080914,4.6831595555004,0
"509","9","respiration",62.7222253319408,64.0771577872354,67.140012039249,66.615266866263,0,1.35493245529459,4.4177867073082,3.8930415343222,0
"512","9","respiration",49.3164829781465,51.345644013997,53.8967726155107,51.1001908931459,0,2.0291610358505,4.5802896373642,1.7837079149994,1
"513","9","respiration",61.982709796522,62.3598382617082,65.1734057862768,64.200585830659,0,0.377128465186196,3.1906959897548,2.21787603413699,0
"516","9","respiration",62.2410741597381,62.8429206029098,61.724847123588,62.7246512110394,0.516227036150099,1.1180734793218,0,0.999804087451402,1
"517","9","respiration",62.7167920566331,63.9505956561465,63.064852913227,61.9155471266164,0.801244930016701,2.03504852953009,1.1493057866106,0,1
"520","362","respiration",98.7003441836919,104.325426931555,158.744626485323,113.260374365887,0,5.6250827478631,60.0442823016311,14.5600301821951,0
"521","10","respiration",74.8399522530173,75.6791707477458,86.7618233043162,103.814128237322,0,0.839218494728499,11.9218710512989,28.9741759843047,0
"522","6","respiration",65.7374853053599,66.7492147148559,66.8286854014717,71.4436780050498,0,1.011729409496,1.09120009611181,5.70619269968991,0
"523","42","respiration",-9.04580533670096,-21.5288470334447,2.55859560369881,-10.1629676326499,12.4830416967437,0,24.0874426371435,11.3658794007948,0
"524","637","respiration",487.500588964657,475.809407065754,472.737882693165,571.462911903139,14.762706271492,3.07152437258901,0,98.725029209974,0
"525","464","respiration",248.152309684449,214.044095829423,245.84875572256,300.371125755503,34.108213855026,0,31.804659893137,86.32702992608,0
"526","287","respiration",520.43282252178,514.718839146803,507.494079776461,576.534300807996,12.9387427453191,7.22475937034204,0,69.0402210315351,0
"527","406","respiration",-259.995753236222,-254.050526548334,-75.0371279952541,-194.142038442486,0,5.94522668788801,184.958625240968,65.853714793736,0
"528","593","respiration",335.291646922876,335.573194195087,314.564539420534,458.475373238596,20.727107502342,21.008654774553,0,143.910833818062,0
"529","380","respiration",-131.666477014969,-133.712576384847,-50.6844561994014,-78.7921960984214,2.04609936987802,0,83.0281201854456,54.9203802864256,0
"530","539","respiration",894.532298361895,886.628605723624,876.420702007676,975.997727692739,18.1115963542189,10.207903715948,0,99.5770256850629,0
"531","11","respiration",70.7571705537517,72.9063927458622,72.8904808387501,69.1719700814386,1.5852004723131,3.7344226644236,3.71851075731149,0,1
"532","10","respiration",62.3135729694101,64.5178041889248,66.0238195439648,62.635332907757,0,2.2042312195147,3.7102465745547,0.321759938346894,1
"533","7","respiration",33.6404703233951,23.2043737796761,29.2436468068989,30.5872320809387,10.436096543719,0,6.0392730272228,7.3828583012626,0
"534","7","respiration",38.5477153256415,36.7288983201004,38.7611337735658,36.2656716054437,2.2820437201978,0.463226714656699,2.4954621681221,0,1
"535","78","respiration",317.057990484072,319.802785857558,316.904317246123,318.632534981332,0.153673237948965,2.89846861143496,0,1.728217735209,1
"536","8","respiration",13.1730211968195,12.0731192361374,25.6693854790243,18.822325726786,1.0999019606821,0,13.5962662428869,6.7492064906486,0
"537","7","respiration",17.2401426562412,19.0058757279038,17.799711763522,29.8840868412411,0,1.7657330716626,0.559569107280801,12.6439441849999,0
"546","11","respiration",37.6609119101238,37.5703076475779,40.0981607075611,28.8815730461995,8.7793388639243,8.6887346013784,11.2165876613616,0,1
"547","10","respiration",32.6649674922292,21.7673710344146,38.0513830135431,41.3077429710922,10.8975964578146,0,16.2840119791285,19.5403719366776,0
"557","6","respiration",-15.837702466973,-15.6753886259956,-10.601798853589,1.04576735774834,0,0.162313840977401,5.235903613384,16.8834698247213,0
"560","6","respiration",1.47730389064347,-10.8008759902956,-14.9274164700469,-8.55562851939442,16.4047203606904,4.1265404797513,0,6.37178795065248,0
"562","6","respiration",4.18195327804064,3.13192094044946,4.47072755884597,9.85790904200492,1.05003233759118,0,1.33880661839651,6.72598810155546,0
"563","6","respiration",11.6449219582621,12.3889408817419,10.6183681687207,12.0245599728528,1.0265537895414,1.7705727130212,0,1.4061918041321,1
"564","65","respiration",239.239165664036,243.330344967213,240.149978417632,244.288866857131,0,4.091179303177,0.910812753596019,5.04970119309502,0
"565","24","respiration",101.738036924555,104.764928894048,101.690983738394,104.696060457296,0.0470531861610084,3.073945155654,0,3.005076718902,0
"566","12","respiration",38.3834870663783,37.8857760723041,38.0957812618577,39.7437989636475,0.497710994074204,0,0.210005189553605,1.8580228913434,1
"567","21","respiration",48.559402536717,46.3969060638041,50.9563443542267,49.9537653378897,2.1624964729129,0,4.5594382904226,3.5568592740856,0
"569","23","respiration",73.1090332227402,71.993523711825,72.7435324660756,74.3452378383428,1.11550951091519,0,0.750008754250601,2.35171412651779,0
"570","32","respiration",-11.157872423132,-8.30998022431827,-5.96205487591328,-4.09985270078027,0,2.84789219881373,5.19581754721872,7.05801972235173,0
"571","31","respiration",11.8128592080204,15.0808913827554,11.8028351595117,14.0778336885961,0.0100240485087006,3.2780562232437,0,2.2749985290844,0
"572","24","respiration",11.5724887733509,14.6429361845708,13.1354451934396,15.2446659986193,0,3.0704474112199,1.5629564200887,3.6721772252684,0
"578","12","respiration",6.21532714136171,8.63228838448974,6.21886409148104,8.88230072526157,0,2.41696124312803,0.00353695011932942,2.66697358389986,0
"579","12","respiration",20.5048505892776,22.9631681710847,20.6059590229899,26.289868653467,0,2.4583175818071,0.101108433712302,5.7850180641894,0
"580","12","respiration",10.0524393833143,11.5199101690696,11.4288616945497,17.454133958845,0,1.4674707857553,1.3764223112354,7.4016945755307,0
"581","12","respiration",-0.110602337551175,-5.91805650566874,4.10615269606757,12.3827385275346,5.80745416811757,0,10.0242092017363,18.3007950332033,0
"582","12","respiration",11.5345758403525,13.2480209525087,12.0907711278195,16.9022945357943,0,1.7134451121562,0.556195287466998,5.3677186954418,0
"583","12","respiration",-82.3171413426375,-79.8650043920894,-81.6818616555837,-96.9014684864944,14.5843271438569,17.036464094405,15.2196068309107,0,1
"584","10","respiration",-74.5163211974378,-77.0704325343859,-70.2755487825682,-74.392366203992,2.5541113369481,0,6.79488375181771,2.6780663303939,0
"585","11","respiration",-72.6258976180868,-88.4848726654745,-53.2770398805791,-72.1012130102969,15.8589750473877,0,35.2078327848954,16.3836596551776,0
"599","6","respiration",-0.847438404426388,-0.0838045280228599,2.81630955566884,1.89016697812646,0,0.763633876403528,3.66374796009523,2.73760538255285,0
"605","19","respiration",-87.0309249238901,-111.937103375035,-69.2414541200364,-104.737567665086,24.9061784511449,0,42.6956492549986,7.19953570994899,0
"606","19","respiration",-74.6101939226258,-105.613403620633,-64.0205293513832,-84.8075099291656,31.0032096980072,0,41.5928742692498,20.8058936914674,0
"607","19","respiration",-88.0843870069587,-97.6646833259632,-86.0236158092533,-86.6093607390892,9.58029631900449,0,11.6410675167099,11.055322586874,0
"608","19","respiration",-108.944455925791,-127.53635435409,-108.826640406447,-110.195282228586,18.591898428299,0,18.709713947643,17.341072125504,0
"609","6","respiration",19.8826689430474,20.4184668133237,24.7676066882943,24.5869068095149,0,0.535797870276301,4.8849377452469,4.7042378664675,0
"610","6","respiration",23.846853136086,24.6643853992844,23.5652360840503,23.8635409010618,0.281617052035699,1.0991493152341,0,0.298304817011498,1
"611","6","respiration",-4.0230807201861,-2.77376752293013,3.93942216761142,2.11684560298335,0,1.24931319725597,7.96250288779752,6.13992632316945,0
"612","6","respiration",6.19679279571444,5.48089444236887,7.74641218988856,10.5123648592334,0.715898353345571,0,2.26551774751969,5.03147041686453,0
"613","6","respiration",18.8282258252585,13.892864425323,24.3374258878359,15.9040821188353,4.9353613999355,0,10.4445614625129,2.0112176935123,0
"614","6","respiration",21.3242955434794,22.3156591615049,29.5231136246566,25.8732777137354,0,0.991363618025499,8.1988180811772,4.548982170256,0
"627","6","respiration",31.2374778040419,28.1955786723217,25.892298645182,29.0660260031963,5.3451791588599,2.3032800271397,0,3.1737273580143,0
"628","6","respiration",24.4626668254934,19.9070898830583,21.7657888130691,26.0242416657393,4.5555769424351,0,1.8586989300108,6.117151782681,0
"629","6","respiration",6.81180251990602,7.63116431229819,28.5064402535732,38.2360906006698,0,0.81936179239217,21.6946377336672,31.4242880807638,0
"630","6","respiration",29.7153731634581,14.0457737673396,22.1221067682261,27.6733890320338,15.6695993961185,0,8.0763330008865,13.6276152646942,0
"631","6","respiration",18.3042680051425,18.9898971576728,27.5722709439797,37.9118277660425,0,0.6856291525303,9.2680029388372,19.6075597609,0
"632","6","respiration",32.0805949037827,19.0775389536728,20.635764256095,32.9874345301533,13.0030559501099,0,1.5582253024222,13.9098955764805,0
"633","6","respiration",15.8053629786732,17.5901555883496,26.1783681968464,35.2134393168098,0,1.7847926096764,10.3730052181732,19.4080763381366,0
"634","6","respiration",25.6042975566872,26.3018194246162,30.0611088529189,36.6111609124244,0,0.697521867928998,4.4568112962317,11.0068633557372,0
"635","6","respiration",14.3362828862294,14.2188364974931,19.7542318925733,28.5112854909263,0.117446388736299,0,5.5353953950802,14.2924489934332,0
"636","6","respiration",6.80255652775242,2.24152476610036,8.62406905068543,19.7117792608721,4.56103176165206,0,6.38254428458507,17.4702544947717,0
"639","6","respiration",-7.54879021704468,-10.6365548590259,-12.9229189028092,-5.53561661895155,5.37412868576452,2.2863640437833,0,7.38730228385765,0
"640","6","respiration",-3.89658015288239,-11.3662174109237,-3.89689351658231,-5.1995402753962,7.46963725804131,0,7.46932389434139,6.1666771355275,0
"641","6","respiration",-11.73747228619,-9.9704730327726,-3.43845386288632,-5.62758892545109,0,1.7669992534174,8.29901842330368,6.10988336073891,0
"642","6","respiration",-5.38947466726664,-3.60520313035419,-5.11616187526785,-3.15472376759702,0,1.78427153691245,0.27331279199879,2.23475089966962,0
"647","6","respiration",27.2859317557115,29.0746138358817,27.558205266708,28.8006638839063,0,1.7886820801702,0.272273510996502,1.5147321281948,1
"648","6","respiration",0.435881660904778,-0.963635966473095,4.87729556106286,23.7995092633344,1.39951762737787,0,5.84093152753596,24.7631452298075,0
"655","9","respiration",-37.0183303425169,-35.1356820839801,-37.0047293623779,-35.3825641819396,0,1.8826482585368,0.013600980138996,1.6357661605773,1
"656","8","respiration",-27.0677295757111,-25.5213330193476,-26.9287430161779,-22.1736248320797,0,1.5463965563635,0.138986559533198,4.8941047436314,0
"657","8","respiration",-31.7983458758941,-36.9802158141427,-31.7885336034498,-33.7681084562623,5.1818699382486,0,5.1916822106929,3.21210735788041,0
"799","11","respiration",-24.9996860291775,-25.7222972950719,-5.39290428885803,-9.72173833275651,0.7226112658944,0,20.3293930062139,16.0005589623154,0
"800","11","respiration",-3.70484379626475,-16.185410276921,-1.25464466038772,4.34958589847997,12.4805664806563,0,14.9307656165333,20.534996175401,0
"801","11","respiration",-12.2282042335014,-10.1390980705549,3.72341340043996,-2.54580915555049,0,2.0891061629465,15.9516176339414,9.68239507795091,0
"802","11","respiration",-21.5157881363634,-20.0415738708207,-16.9219846637605,-12.9500792143286,0,1.4742142655427,4.5938034726029,8.5657089220348,0
"803","11","respiration",-8.68398012940729,-17.1374399565242,-1.91183110950471,-9.48140162491904,8.45345982711691,0,15.2256088470195,7.65603833160516,0
"838","6","respiration",20.9749430768381,18.9214197403861,26.553539451313,29.9099715437883,2.053523336452,0,7.6321197109269,10.9885518034022,0
"839","6","respiration",10.4470380627516,2.47002134981374,17.0761190789978,20.2180976128989,7.97701671293786,0,14.6060977291841,17.7480762630852,0
"840","6","respiration",5.70523385367317,-4.19709585671865,11.2966743984116,13.4031457958172,9.90232971039182,0,15.4937702551303,17.6002416525358,0
"841","6","respiration",0.728709942139435,2.09878016428345,18.0257849989789,19.2648846282646,0,1.37007022214402,17.2970750568395,18.5361746861252,0
"847","14","respiration",-20.3643843698523,-52.4238742007295,-43.8226847058676,-5.30436376157857,32.0594898308772,0,8.6011894948619,47.1195104391509,0
"848","14","respiration",-58.6501024545308,-72.2793338172505,-77.6340585710453,-58.203747818331,18.9839561165145,5.3547247537948,0,19.4303107527143,0
"849","14","respiration",-67.7282279297207,-78.1043669815871,-81.8964028236097,-81.1926604789302,14.168174893889,3.7920358420226,0,0.703742344679512,1
"850","13","respiration",-35.227838074432,-38.7050481358869,-3.18776677617765,-13.2844052393095,3.4772100614549,0,35.5172813597092,25.4206428965774,0
"851","13","respiration",-75.9258230860517,-79.2695305869019,-78.3500240164816,-19.6588156319554,3.3437075008502,0,0.919506570420296,59.6107149549465,0
"902","6","respiration",-0.522158103507007,-6.75687931962018,-1.36572431581941,1.84525256534156,6.23472121611317,0,5.39115500380077,8.60213188496174,0
"903","6","respiration",2.32169739962236,4.07050490252366,4.9824560950754,4.43287039836265,0,1.7488075029013,2.66075869545304,2.11117299874029,0
