id,n,cubic.a,cubic.b1,cubic.b2,cubic.b3,cubic.Rsq,cubic.aic,cubic.bic,cubic.aicc
3,10,-0.0022792027401195313,0.16820579779899344,-4.0300341338085,33.19058699345277,0.6165570209368941,-3.0502549988892618,-1.8399146269130782,4.949745001110738
4,7,-0.0004632804409449639,0.02781658873758238,-0.41534954945651376,1.769662590919748,0.9872593874896979,-12.668439032511515,-12.88479843629026,7.331560967488485
8,8,4.926271979052249e-05,-0.028725768879271762,1.6199079039202617,-2.740630097403904,0.993378558620687,0.0031684857478140316,0.320934652467157,13.336501819081148
9,11,0.021594879899752804,-2.31087330594326,81.05432516936642,-902.7150620083919,0.6580258986444065,53.896081594339016,55.4876626855325,60.56274826100568
10,11,0.00247949289159164,-0.5225035395833636,26.810958284136934,-351.6068548326515,0.3804572014170996,69.14020199884072,70.73178309003421,75.8068686655074
11,8,-9.191919191919185e-05,0.003985281385281379,-0.012658730158730053,0.1627272727272722,0.9414969432596757,-9.97226408132627,-9.654497914606926,3.3610692520070646
13,14,-0.00206939505374154,0.11922468686057412,0.5759009145100906,21.027569296279662,0.9861649782471269,77.97045097784455,80.52668029630559,82.41489542228899
15,16,-0.0006608971234273876,-0.00018640201738320347,2.1589224236564,8.722875103570573,0.9743293626308439,64.20484440970901,67.29519929866814,67.84120804607265
17,7,-0.0004971979023587896,0.02458257511514426,-0.15021320350301795,1.537316091042428,0.9286062340026139,17.121081724830148,16.904722321051402,37.12108172483015
19,7,-0.00017079115340101257,0.0016934427327868202,0.16892069577836819,1.3117978942480208,0.937043345921215,9.477414606160725,9.261055202381979,29.477414606160725
21,7,1.642543844971578e-05,-0.004531712611939335,0.13426487037626736,1.020482320515514,0.9617767767567611,-10.557143761311739,-10.773503165090485,9.442856238688261
23,7,0.0002806273176594157,-0.04317046736823431,1.1439728289006506,10.463989070703997,0.9792425247727335,26.467229783927944,26.2508703801492,46.46722978392795
24,7,-0.0003710048095295768,-0.01189927085533152,1.5560543430017229,2.6188322520368734,0.9986241537898735,7.451593154499557,7.23523375072081,27.451593154499555
25,12,-0.0021809175362530182,-0.26051805503783415,15.952666631539085,-94.82178607445054,0.9733007447454238,79.36875245992974,81.30837905908174,85.08303817421545
26,6,-6.87324771014492e-06,0.00042684353118012386,-0.006721026664389226,0.040816046540372665,0.5676853435980396,-30.897489392878647,-31.73045151596643,9.102510607121353
29,8,-3.099545459817355e-06,0.00013087562287465674,9.555784520511047e-05,0.016941733343683298,0.7703573334793392,-45.718728949866886,-45.40096278314754,-32.38539561653355
32,8,3.8079172723884273e-05,-0.002634953946116384,0.0482036418404291,-0.04658613965755251,0.8678158322236079,-24.078623036192454,-23.76085686947311,-10.74528970285912
35,8,-4.296237339921254e-07,-0.0005408218946055767,0.019992646160380666,0.04347816374442657,0.5720358725321742,-14.360168252634523,-14.04240208591518,-1.026834919301189
36,6,2.2134776444444104e-05,-0.0014845239076190253,0.028345517850793252,-0.048021357999998314,0.321272241178833,-14.043277594193562,-14.876239717281342,25.95672240580644
38,8,-3.058661001629007e-06,-0.000440184509219045,0.021297857070268225,0.025532231836087528,0.7155932477791721,-17.40619495166312,-17.08842878494378,-4.072861618329787
39,6,5.182420925925905e-05,-0.002968638753968234,0.05198486399867683,-0.15429103166666452,0.9940606043963309,-44.804263965326825,-45.63722608841461,-4.804263965326825
41,8,1.8341780045744728e-06,-0.00097097587669444,0.034052775357458855,-0.021810385965096078,0.8790221552586596,-20.682741609008556,-20.364975442289214,-7.349408275675222
42,6,7.510859992592561e-05,-0.004474574541111082,0.07709047189629573,-0.2458374426666634,0.9976488045254246,-46.19229017026698,-47.02525229335476,-6.192290170266979
44,7,7.965218441073714e-06,-0.0011303472271115308,0.028521945393388017,0.06594564691772627,0.544490776420234,-10.360180717121668,-10.576540120900415,9.639819282878332
47,7,2.7674156370588055e-06,-0.0015716706467497022,0.04389004573203012,0.032763995285517836,0.913105287806478,-16.498746830507212,-16.715106234285958,3.501253169492788
53,6,-0.0007444219133350679,-0.0006896474400500047,0.9654792470939043,4.995568039657609,0.9998741692313663,-4.676000766036898,-5.508962889124678,35.3239992339631
54,6,-0.00040293433517423025,-0.004595102364933238,0.757936729204669,3.6895315434492333,0.9938957173903169,16.00519184499646,15.172229721908678,56.00519184499646
55,6,-3.0847604986170194e-05,-0.028644426936870047,1.1302576757751914,6.5676311670090035,0.9936107340121066,18.716648468087854,17.883686345000072,58.716648468087854
56,6,-0.0011243232388530556,0.021757632930137032,0.5653637882413767,2.6502988078082526,0.9980789913335176,8.703201292662822,7.870239169575043,48.703201292662825
57,6,-0.0017051959841029034,0.04400784964263893,0.5096402133592749,2.003629935872811,0.9992013772706777,5.711441188481219,4.878479065393439,45.71144118848122
58,7,-0.0016970986287914744,0.04070624744367798,0.7609838612646351,3.0234650423025573,0.9998954107584215,-6.109347934906019,-6.325707338684766,13.890652065093981
59,7,-0.0002732944469571724,0.004353638010892817,0.12213199135421673,0.7635198970094956,0.9549543593529399,5.58781007526847,5.371450671489723,25.58781007526847
60,9,-0.0013773830078665115,0.03513461312971792,0.4984554673671141,1.8755781000148752,0.9961376411394163,17.592274708585567,18.381173017930443,27.592274708585567
65,8,2.9893447226802463e-05,-0.022873971155759773,0.7980372570248158,5.633778913482989,0.9957700065810929,13.88603255258688,14.203798719306223,27.21936588592021
66,6,-2.3567904488976036e-05,-0.019286562926603832,0.6509405009428867,5.448954454049365,0.9982839914159732,1.7814429550150859,0.9484808319273057,41.78144295501509
68,6,-0.0005369751999612071,-0.016779881101131253,0.8346325742508923,5.425317222191922,0.9994971935338529,-0.4750764881877796,-1.3080386112755598,39.52492351181222
69,6,0.00013213074665959228,-0.03162801317772369,0.8189497289338551,4.176971241697961,0.9854882509624237,16.694424321766075,15.861462198678295,56.69442432176608
70,6,-0.001049744082024484,0.01218412305475164,0.7361194095717464,3.1797017905441347,0.9933221488473626,15.418872610033235,14.585910486945455,55.41887261003323
71,7,-1.5051753923411374e-05,-0.021115900465184537,0.668265397909214,3.7966009205793023,0.9882785784786688,13.929754387307012,13.713394983528264,33.929754387307014
72,7,5.529445774335116e-05,-0.020584966463120368,0.7275425930770038,3.996995931619057,0.984124865079987,18.25108118870434,18.03472178492559,38.25108118870434
74,7,0.0003795972954129216,-0.03480898525538998,0.8034678736888393,5.58315217747552,0.9896217383681519,14.967527174053563,14.751167770274815,34.967527174053565
75,6,0.00022743210003708665,-0.02720245421856082,0.5851970397083681,3.954983012129874,0.9962558124568512,4.059626687952134,3.226664564864354,44.05962668795213
76,9,-0.0001490856653198655,-0.0044025879668109615,0.5367306427513228,-0.3045423468253953,0.9869717599650485,11.530122819582527,12.319021128927405,21.530122819582527
77,7,-0.0004965220444444453,0.026648249714285914,-0.32947710936508967,8.034202423809651,0.9959822732292591,2.6213402967539867,2.4049808929752396,22.621340296753985
79,9,0.0011377721977818874,-0.14173930027751933,5.016501924150886,-41.71567687811173,0.9991848566320303,-2.1884462675693523,-1.399547958224474,7.811553732430648
80,7,-0.0005975590612660353,-0.0192516646917158,1.98459815902013,7.132606188497509,0.9750346009906123,35.231926906093804,35.01556750231505,55.231926906093804
81,7,-0.002141608625460074,0.07172276693342446,1.17685968894607,6.948013602653752,0.9869261740769284,36.10577485334176,35.88941544956301,56.10577485334176
83,8,0.00025734969766756714,-0.026405571882958424,0.8163017156040017,-6.570784536479852,0.9709005820703589,-9.581862947129238,-9.264096780409895,3.7514703862040957
84,9,6.727669257413949e-05,-0.006322605489533695,0.1669028685800051,-0.7357959669636053,0.9591041384812465,-22.66628493919,-21.87738662984512,-12.66628493919
85,7,0.0002852070397630032,-0.014444174089058286,0.2403279699247345,1.288118461468934,0.953694073372386,-4.323085425726973,-4.53944482950572,15.676914574273027
107,19,-0.010458476673827244,0.7500640675994341,-13.718917933223432,92.81313257611045,0.9294942469623624,131.8472697301932,135.62502564685897,134.70441258733607
109,6,-0.0009226538518518569,0.02732204142857176,0.41144385343914724,2.852091761904797,0.984720003678393,12.785023335141219,11.95206121205344,52.78502333514122
110,7,-0.00010368968708106835,-0.003192866210930446,0.28128119911347543,1.3006831265122891,0.996997706921044,-14.647724811613642,-14.864084215392388,5.352275188386358
112,8,-0.00020602802913267113,0.002265301060938382,0.19956805366132102,0.545959395368772,0.9876541618595459,-6.180369294763505,-5.862603128044162,7.152964038569829
114,7,-0.0001651973899529518,0.0020070856700569917,0.16551268683040218,0.43152265996268707,0.9967487924606834,-16.608467574734117,-16.824826978512863,3.3915324252658827
116,12,-7.657951332101377e-05,0.001581057373342368,0.07638599263115528,1.1849394333037901,0.9923137341131248,-19.637367927343597,-17.697741328191597,-13.923082213057882
117,14,-0.00012074999218206188,0.005536816006697283,0.01460456703831168,1.6744245194167393,0.9737735058751202,-8.937280533568224,-6.38105121510719,-4.492836089123779
118,14,-0.00012101040512607388,0.006117250246018341,0.025128346485905874,1.687247151688477,0.9781273973733247,-8.5683876320814,-6.0121583136203665,-4.123943187636955
138,7,-0.005100846974335574,0.4109580031308647,-9.577531890959204,84.26754989453568,0.993853806125133,18.32829793666538,18.111938532886633,38.32829793666538
139,8,-0.00748631224789578,0.48344446440385885,-8.115650506735605,64.30182320487779,0.97103924439403,38.86654118382046,39.184307350539804,52.199874517153795
140,10,-0.011479025138118397,1.1031299540685964,-33.807742258399735,387.1613941001476,0.9757197303815214,57.61579701140746,58.82613738338364,65.61579701140747
141,8,-0.003619564262461948,0.235359050116255,-2.8314850296419447,15.409943812217323,0.9868877313214253,43.41564167311452,43.733407839833866,56.74897500644786
142,16,-0.0041268331844887055,0.32487632424815477,-8.539603786288165,90.82009542986745,0.9986267541219036,-11.082305443000177,-7.991950554041052,-7.44594180663654
143,8,-0.0010342377328665816,0.043486044423103394,-0.32412789008331055,1.4844698079200633,0.87907701449241,20.896800047122486,21.214566213841827,34.23013338045582
144,7,-0.01755555555555555,0.8853333333333336,-9.7330158730159,67.62857142857173,0.959060914026861,52.5417311957508,52.32537179197205,72.5417311957508
146,7,-0.002111111111111114,0.04504761904761936,2.9337301587301527,6.085714285714337,0.9857099533437014,41.95644796479951,41.74008856102076,61.95644796479951
148,8,-0.011232323232323259,0.6209913419913441,-5.332330447330488,19.700000000000383,0.9806577108336365,60.01204842874742,60.329814595466765,73.34538176208075
158,8,0.00047471902857587443,-0.05644701384949287,1.6998840662558552,2.1292266202329606,0.9748331239676735,20.17437894726197,20.492145113981316,33.50771228059531
159,9,-0.00014849538463954396,-0.01660835878281567,1.303653062770114,-1.4795413769238197,0.9713321910532936,30.962406126120463,31.751304435465343,40.96240612612046
160,8,0.0010316669127120016,-0.0929310413650317,2.4716370245904664,-4.734297015922497,0.9886335527842186,15.022849670041627,15.340615836760971,28.35618300337496
161,9,0.00043786032454009856,-0.052497042180183785,1.794578798185013,-3.865814692957011,0.9823734890978071,18.803826925621916,19.592725234966792,28.803826925621916
162,8,1.469613393168346e-05,-0.023210781831907626,1.0586163921199652,1.3094100830216262,0.9306407804858294,27.309677433858827,27.627443600578168,40.64301076719216
163,8,0.00015016196731099953,-0.020478897068407415,0.7555724936339722,1.8742584722528695,0.9054263306339794,21.28831274810672,21.606078914826064,34.621646081440055
164,8,-3.540015005956887e-06,-0.032320612843794776,1.5393179056619088,-1.5852306476331481,0.9830278163361453,21.839909746187285,22.157675912906626,35.17324307952062
165,9,2.216818984653751e-05,-0.018917293529702797,0.9791406708870102,-1.637240691461454,0.9841567141783837,15.83074829590198,16.619646605246857,25.83074829590198
166,7,0.00013686509399499003,-0.041793153566532217,1.8582028016953844,3.602334506892022,0.9648295039496853,28.597768099211713,28.381408695432967,48.59776809921171
167,9,-0.0011236527402890216,0.04499893145541813,0.4041879187865461,4.894791812850946,0.9837990536488558,32.85196376756025,33.64086207690513,42.85196376756025
168,8,-0.0003606507074350266,-0.011698702432038473,1.33528013949923,2.5331997149167056,0.9757988013430299,27.31006211445367,27.627828281173016,40.64339544778701
169,8,9.243338477298988e-05,-0.03571747481731228,1.7565628747593285,-2.301624608003459,0.9922010185221208,17.405638141064433,17.723404307783774,30.738971474397765
170,7,-0.0010608653996675784,0.03789214133445424,0.2143742930229866,8.599792083215963,0.9979651684749239,4.854742078711158,4.638382674932411,24.85474207871116
171,8,-0.0006395390455082523,0.02513773579010933,0.06673646763235545,8.317886607552921,0.9905942300393783,8.714552872559425,9.032319039278768,22.04788620589276
172,7,-0.0013219434616601013,0.04232955672906005,0.6057617496377785,4.263651285636766,0.9920153476148182,20.624792622942955,20.408433219164205,40.624792622942955
173,8,-0.0012266814964877377,0.05377931903894414,-0.05610584372804529,3.8821316766973846,0.9942953586584856,14.825641455806629,15.14340762252597,28.15897478913996
174,7,-0.0011554721293129087,0.031203413930177018,0.5153695418260332,3.0351411651861655,0.9465891643262355,28.517542647204763,28.301183243426017,48.51754264720476
175,7,-0.00013776591357005208,-0.014295617364119256,0.8671326471443447,0.66134217992166,0.9943333224814662,5.063825244898052,4.847465841119305,25.06382524489805
176,7,-0.0003169493971016942,0.002954564289475886,0.3359809582161445,1.1944492839816419,0.9709463054489281,9.954790432034361,9.738431028255615,29.95479043203436
177,7,-0.0001918258287637722,-0.01093749012514651,0.7695419825867804,0.8228832150184363,0.9625184140745362,17.4271665612619,17.210807157483153,37.4271665612619
178,7,-0.00021496242477168594,-0.011286498447932057,0.7699667954736343,1.8637735113739096,0.9970899483002952,-0.4562743754294232,-0.6726337792081702,19.543725624570577
179,7,-0.0009233346757190378,0.029654371419269656,0.2315511132753313,4.988524807805652,0.96956446170083,19.850819478973904,19.634460075195157,39.850819478973904
180,7,-0.00034707895737317625,-0.0011397236326752451,0.5290719324386757,2.4745862869817152,0.9740326471174109,13.532194901338908,13.315835497560162,33.53219490133891
181,7,-0.000419598981533085,0.006599869340558747,0.37040952135708477,2.4661371848913274,0.9698921034662566,13.499725830824534,13.283366427045788,33.49972583082453
182,7,-0.0006559302228685148,0.0051830628120948475,0.8021697409055233,-0.4166759551160039,0.9687353372090447,22.20124128528258,21.984881881503835,42.20124128528258
183,7,-0.0001906249953108516,-0.00866947736178481,0.6188593561798457,1.5530816104115654,0.9724846010750308,12.653126053185519,12.43676664940677,32.65312605318552
202,6,5.716248022050198e-05,-0.009633472516287968,0.39610327426731323,-2.0863898484613914,0.998995649194287,-31.11113583931506,-31.944097962402843,8.888864160684939
204,8,-0.00012116869686409413,0.00678537843840054,-0.07641140817681627,1.8306562506979849,0.993685767952514,-12.944837142947993,-12.62707097622865,0.3884961903853412
205,14,-0.00014366595380351996,0.00739482667487979,-0.005422099836476285,-0.056006337752040794,0.9919643578375343,-29.150952244067156,-26.59472292560612,-24.706507799622713
206,25,-0.00011782446047031071,0.007970630482111704,-0.096502929087122,0.9274955537696655,0.9418108928661875,-21.981849634802334,-17.106346335329533,-19.981849634802334
210,6,-0.018824937158346558,0.7341599008920119,-2.898098913697057,31.397518941968915,0.8768294293889783,57.51862015060888,56.6856580275211,97.51862015060888
211,6,-0.006362747113760823,0.2592537251655684,-1.4243853826507094,20.081923700321166,0.9575889125701635,36.404885070856544,35.57192294776876,76.40488507085655
216,6,-0.0003155404257403134,0.015770007701960746,-0.2130273404988418,1.8130312277476481,0.9754709672333414,-5.72865443764754,-6.56161656073532,34.27134556235246
243,7,-0.005178012138509467,0.33765066123857745,-4.517676476471786,26.310711786635036,0.9923459133695606,38.346854783681614,38.13049537990287,58.346854783681614
244,6,0.004018998114260997,-0.36196338915283555,10.781111472950407,-21.525649623393754,0.9996963809481241,7.345735635182663,6.512773512094883,47.34573563518266
247,7,-0.0340435868541609,3.843114859115043,-139.9737246068052,1708.6714711889092,0.9257752185511031,56.58298158632776,56.366622182549015,76.58298158632776
256,8,0.0005793993918938863,-0.04626680616331956,1.1347449118105903,-7.87979413871931,0.772413680614749,5.923929456411063,6.241695623130406,19.257262789744395
257,8,-6.957168412083626e-05,0.00038386417334791023,0.09627036206408372,-0.2505643137507763,0.922691567468013,-8.048310443229944,-7.730544276510601,5.28502289010339
258,8,0.00136581681699945,-0.11644368787231818,3.0078682155544625,-21.694231479909334,0.8708285080231886,18.77950082584229,19.097266992561636,32.11283415917563
259,8,0.000712261804042944,-0.06715008492734703,1.8651523178097482,-13.943298136560792,0.8114496801403365,17.649589287237433,17.967355453956777,30.98292262057077
260,8,0.000654496329306066,-0.05828654316681081,1.5494407137728758,-10.689670179325638,0.4367378020920948,29.246938358874672,29.564704525594017,42.58027169220801
266,6,-0.12827213426252376,11.652105786865965,-340.6194876320028,3250.021122232496,0.9384713925740213,52.59514717424293,51.76218505115515,92.59514717424292
269,9,-0.06920703451952036,6.611415196858561,-203.07169809670947,2039.716886352764,0.935915390949669,65.88077421691216,66.66967252625705,75.88077421691216
271,10,0.06120266776914996,-7.075243983903714,253.13050175770724,-2624.850768698558,0.9848990339514072,69.03432114051029,70.24466151248646,77.03432114051029
274,6,-0.07248929839113621,5.972069059366331,-140.1506605558464,1141.2657951753974,0.9747512101472986,60.21273076611747,59.379768643029685,100.21273076611746
275,6,0.03249054397624236,-2.423950173655715,76.39762103013945,-670.2644785365501,0.9996968337959243,32.077834330196914,31.244872207109132,72.07783433019691
278,45,-3.555050533652159e-05,0.0015070581871261901,0.010700222554129146,0.15508489242343712,0.7013193557938961,-34.54252274115444,-27.315872782073164,-33.54252274115444
279,7,-1.816861951868869e-05,0.0003153948319324407,0.011354108070065046,0.24845191241643005,0.7293623237887944,-23.276680021042207,-23.493039424820953,-3.276680021042207
280,7,-0.00011805387515185072,0.0058381689249642245,-0.07267015167266426,0.6679249722602827,0.9204698698765256,-20.43724360984491,-20.653603013623655,-0.4372436098449093
281,20,-0.010553849666333345,0.391015596531291,-3.674975652238034,14.80802910767944,0.6285250598505281,104.82436763849893,108.80729673271489,107.4910343051656
282,13,-0.0010224522202843774,0.03463278794389345,-0.04922778530492177,-0.24765538921662217,0.81764674738248,38.99411689629724,41.25391432614339,43.99411689629724
283,14,-0.0013485641555825638,0.05131573412701355,-0.405672661163746,2.566148302581865,0.8114487630648768,31.36651871308087,33.9227480315419,35.810963157525315
284,13,-0.0022672767592731655,0.08006920345830605,-0.6181961187089416,1.3192402802770695,0.8518853056916402,26.078191402843693,28.337988832689838,31.078191402843693
285,13,-0.0010321895680137105,0.03965469316372927,-0.2922889007979451,0.5666948158372117,0.9110738767535197,12.789957816700815,15.049755246546962,17.789957816700813
286,10,-0.0011140768072373983,0.03539229107432081,-0.19732293259100384,2.109129787332903,0.8207063457346578,17.067485649445064,18.277826021421248,25.067485649445064
287,15,-0.00024159360908285006,0.0025159829552500014,0.2502538605367938,-1.152624709810462,0.9017736948410746,21.717179712176087,24.549380516584925,25.717179712176087
288,12,-0.0010927947563738837,0.04573077095056968,-0.4319820024913495,1.557181503675926,0.7239692154200266,30.262191916187188,32.20181851533919,35.9764776304729
289,14,-0.0015247322721070428,0.06879486583569487,-0.7496108451723639,2.4357838402167493,0.865586954606553,26.899759910556313,29.455989229017348,31.344204355000755
290,6,-0.0027539278318895544,0.09426508150338925,0.9967233723049446,-5.522824699341763,0.9969022573430226,18.070111255411,17.237149132323218,58.070111255411
296,9,0.009598650377377047,-0.7839651085488639,16.627303593754675,-30.00952606515277,0.9505549080971597,69.48744849151393,70.2763468008588,79.48744849151393
297,9,-0.00012431285814224865,0.009128587929021683,-0.20716560129863998,2.4162819403014697,0.6405683371365094,9.645065712413203,10.433964021758083,19.645065712413203
298,7,7.111408561966526e-05,-0.05231604349925445,1.9502293724670585,-6.150039479765704,0.8948168498050235,34.66546839958862,34.44910899580987,54.66546839958862
299,7,-5.815819571891461e-05,0.003926626307800216,-0.07880276510995561,0.5748173023491417,0.6968434019707026,-16.853501676187502,-17.06986107996625,3.146498323812498
300,8,-0.0035648779698978857,0.12688464273476147,0.6661530178061039,-2.8220284411344623,0.7426391769083134,66.34541386164065,66.66318002835999,79.67874719497398
301,8,-0.00017323434720998199,0.004204332415895991,0.10906864177702907,0.936203603821524,0.7764759434500275,20.614799204285646,20.93256537100499,33.94813253761898
302,20,0.019420838028584148,-1.5547151731518765,41.337206769497605,-303.16606827102055,0.7608164710875157,144.28031248680557,148.26324158102153,146.94697915347223
305,6,-0.0008944705001161304,0.06538336718554448,-0.48773963521596797,3.5057926901334038,0.9960980817277418,19.361228178298667,18.528266055210885,59.36122817829867
309,26,0.0003947537680794551,-0.04895806044148988,1.603964807718611,-8.171442377663736,0.9246532213170728,40.94947624104326,45.981862393129184,42.85423814580516
310,26,9.310822722347857e-06,-0.03409050101325204,1.9298269735022502,-11.884353846963942,0.9684321964986911,57.46877061766351,62.501156769749436,59.373532522425414
311,26,-0.0016907164384420885,0.08072570213099085,0.05347704448548095,-3.0809500095968314,0.9830226298734791,77.94092910596274,82.97331525804867,79.84569101072464
312,28,0.004824633543702337,-0.01974515866615647,-0.41928708793969843,2.479838490714206,0.1364451293292287,101.84938848234505,107.17820652304586,103.58851891712766
313,23,-0.02349280711978741,-0.3742050297086549,-1.6150289554493484,0.18403758951446428,0.21799132270094823,64.21669087297045,68.75866773668704,66.43891309519267
318,359,0.00016790471944896448,-0.02878936865645558,0.9617694329341481,-0.5269098889768581,0.5328480914954384,1282.058626708984,1297.5919162629373,1282.1716210592665
322,24,-0.0014915050801113945,0.0816238305047937,-1.383605266991974,12.821252575072831,0.49654252984846603,61.17280677664526,65.88502209803704,63.27806993454
323,33,-0.000325297672961511,0.009270655164560444,0.2774046171022145,-1.670596050275271,0.2035998062279878,131.5206884493962,137.50671869526212,132.94925987796762
324,12,-0.00019635673858219276,0.01751599166378423,-0.3822955700467621,3.227193638387596,0.9959354394493155,-21.235537765852904,-19.295911166700904,-15.521252051567188
325,7,-0.0001257764650901418,0.007444874880001935,-0.11735132692968797,2.203252154537606,0.9756267779494114,-5.253478686140536,-5.469838089919283,14.746521313859464
326,8,-0.002097060464088464,0.06713840807119516,0.3136307572841958,7.038433691997159,0.9950202908469015,15.855897588693507,16.17366375541285,29.18923092202684
327,9,0.00025910959318597234,-0.04493154296957345,1.5343405987703997,2.502801843706892,0.9900431553284694,9.926456084079627,10.715354393424505,19.926456084079625
328,8,0.0010253050980285991,-0.08753472600480929,3.5668027379570324,-14.050064766765855,0.997613653541686,24.992645032474865,25.310411199194206,38.3259783658082
329,8,0.0012144245354994494,-0.09406129348153379,2.873671917871137,-7.068460891002794,0.9999494632347377,-16.73063987942714,-16.4128737127078,-3.397306546093807
330,7,-0.009256928054185785,0.5281622407007014,-6.968949794288287,42.23884534882352,0.992523615861259,34.97479053082424,34.75843112704548,54.97479053082424
331,7,0.0005747168909201156,-0.1055131603616262,4.486141262070063,-16.289421357140853,0.9996512905278443,4.021277211228588,3.804917807449841,24.021277211228586
332,8,-0.001990382067453679,0.045428232448466034,1.7534460857541172,5.889237724363042,0.9829512259189983,39.25719403237372,39.57496019909306,52.590527365707054
333,8,-0.0008483817290020574,-0.0018521457197997245,1.4541394935504217,9.099423828712686,0.9933527302175142,19.684355009865126,20.002121176584467,33.01768834319846
334,8,-0.0019217676581919534,0.00833876628960455,3.3382061825247757,-1.6820892864594732,0.9755741514358328,44.046199680885294,44.36396584760464,57.37953301421863
335,8,0.0005219509535552366,-0.09293886932016177,3.363671765793942,2.669533420774283,0.9565499430860724,35.55731483039111,35.87508099711045,48.89064816372444
336,8,-0.006971688521669646,0.3569532662455525,-3.165272432642424,24.20657014392332,0.9955062714620018,35.75287515084796,36.07064131756731,49.0862084841813
337,9,-0.001565335465705814,0.04828586387115696,1.0560450898987934,10.325414835929687,0.9966778146658186,25.270351060141838,26.059249369486714,35.270351060141834
338,8,0.00025288201883517307,-0.04200647774272317,1.64556415164582,-12.71700920887491,0.7445194328225286,38.64192256615773,38.959688732877076,51.97525589949107
339,8,0.00021138341597170382,-0.037275325123653405,1.5064816657178304,-11.938812042610628,0.6126099989942253,42.760296325301574,43.07806249202092,56.09362965863491
340,11,-6.799447887455907e-05,0.003938221197821663,-0.03382708186127236,0.24341015841350144,0.9545399569391545,-19.526883634677404,-17.93530254348392,-12.860216968010736
341,19,-0.00022538999630921123,0.015773843690435874,-0.3102385044950223,2.103778069207616,0.930223137602618,-36.91794220255374,-33.14018628588798,-34.060799345410885
342,9,-0.02799812206572746,2.1067323943661753,-46.280187793426656,376.58450704224873,0.9581776715700066,67.87389342946233,68.66279173880721,77.87389342946233
344,9,0.013941784037560237,-1.234704225352227,36.79582159624684,-236.4697183098796,0.5902532691219715,85.28101035481482,86.0699086641597,95.28101035481482
347,8,0.004537771938979305,-0.5359920071943737,16.526376093190265,-55.54189858773968,0.8850712574743808,73.45526271969243,73.77302888641177,86.78859605302576
348,7,-0.005065551314518401,0.24604369955195513,0.4219877237732155,-5.345348801894743,0.984725485223249,50.53139125823371,50.315031854454965,70.53139125823371
349,6,-0.0035932657589782743,0.1194359729711129,3.485114978212079,-27.002511507745794,0.9638903037382855,50.15699492575522,49.32403280266744,90.15699492575521
350,6,-0.0022904418130112562,0.21969483901928966,-2.624914796661104,2.5970338764650336,0.9848266327476096,43.660598153383475,42.82763603029569,83.66059815338348
363,8,-0.14122473796632753,6.579485435553488,-39.187556671007826,112.73115285296942,0.8421698136789417,114.68978921039427,115.0075553771136,128.0231225437276
364,7,-0.10931918010747077,5.46354777627421,-51.62704630366926,366.17807321494143,0.8176592192673889,98.53330933235644,98.31694992857769,118.53330933235644
365,7,0.00027928249504299455,-0.02165570207932281,0.5186611311888005,-3.434882051278148,0.9001857447819281,-14.872007865285777,-15.088367269064523,5.127992134714223
366,7,-9.221876788062661e-05,0.005311773439851768,-0.09763665951084946,1.1223607775712976,0.8860420026944064,-16.396241906535817,-16.612601310314563,3.603758093464183
373,8,-0.0016057551312116264,0.17246880359367867,-5.4959872487380945,56.790130193405204,0.9517967354597758,32.36479818553579,32.682564352255135,45.698131518869126
374,7,0.0012422886678616738,-0.22641391180558423,12.386605018067026,-183.96131820768284,0.7637023215784895,54.992687668376746,54.776328264598,74.99268766837675
375,7,0.0017111020079768667,-0.30100229760294284,16.414889046398663,-262.03717574095805,0.9370697614082037,42.085184241708745,41.86882483793,62.085184241708745
376,7,0.005866979603499917,-0.9416414342781774,46.771638216242934,-684.6992789158503,0.9053243676206074,54.28196729933727,54.06560789555852,74.28196729933727
385,6,-0.003245843722982009,0.1281993377771723,1.6124129756754046,36.14534010614285,0.9918047567934721,35.50209040555613,34.66912828246835,75.50209040555613
386,6,-0.00253252253206464,0.12413495659153072,-1.548402395357008,50.08503691360256,0.9984836029730012,12.943359209401262,12.11039708631348,52.943359209401265
388,6,-0.0023434344095821444,0.12357109753491671,-0.7184375257637143,40.18343009271273,0.9260569063987711,39.053221689678594,38.22025956659081,79.0532216896786
389,6,-0.0023105272569985064,0.11838621547297307,-1.8599349021296887,43.05283837084671,0.960849273305046,34.37498925251256,33.54202712942478,74.37498925251256
391,6,-0.0037872423714012575,0.21112172539644616,-1.8405867300883954,38.40345998669406,0.9621272462307604,38.881752289555095,38.04879016646731,78.8817522895551
392,6,-0.003541738563717337,0.19889223289783214,-2.915386669194008,40.39625672557248,0.8883229129450201,37.11316747215522,36.28020534906744,77.11316747215523
394,6,-0.001625899303668848,0.07245092097962207,0.28329621785431364,20.9556298291694,0.9922755106906862,24.256834618730785,23.423872495643003,64.25683461873078
395,6,-0.0016426178044618564,0.07703332736500962,-0.8117977515608589,25.410437214428487,0.9956348192946596,14.69673460458452,13.86377248149674,54.69673460458452
397,7,-0.009061103994671166,0.5384708496392105,-7.103751540209851,71.324694066624,0.7261633438388817,64.57937038914899,64.36301098537024,84.57937038914899
398,6,-0.0009590340676185169,0.04041202970085591,-0.6004303658989716,37.17183229774204,0.9908375593907116,21.08246878003346,20.24950665694568,61.08246878003346
400,7,-0.008718104380908507,0.4993246455254065,-6.05033114896759,70.29178275623482,0.742661034379282,64.45458059826886,64.23822119449011,84.45458059826886
401,6,-0.002500996967854765,0.12553309418151443,-2.090757338155314,55.02160467819013,0.969785776778689,35.61469915951413,34.78173703642635,75.61469915951413
403,7,-0.00599474781990152,0.33290327263835473,-3.4432855349972553,47.631655975344614,0.8159518357080208,57.88909588425781,57.67273648047907,77.88909588425781
404,6,-0.0016676285004598344,0.07887807850631298,-0.9045586277632626,30.47161523419124,0.9309975505765058,31.9530582021103,31.120096079022517,71.9530582021103
406,7,-0.005114879329199764,0.2470344831778354,-1.0649399648906928,29.304881976387506,0.836444128862242,58.46038329723713,58.24402389345838,78.46038329723713
407,6,-0.0029039751073749783,0.1295326022136087,-0.6377561754454345,23.688383630283685,0.7500716948434907,46.38125098583099,45.548288862743206,86.38125098583099
409,7,-0.020584814171062105,1.0899477104160518,-12.83067098750959,235.58749475131384,0.9751901037786983,66.19184147305633,65.97548206927758,86.19184147305633
410,6,-0.02809664848723276,1.6349788995403773,-26.72266280818281,278.79582859163474,0.9298988140140794,56.169028136106185,55.3360660130184,96.16902813610619
412,6,-0.015414021380223087,0.840523663412348,-10.816287612581508,124.26871708062193,0.9249024943914085,53.021419168017246,52.188457044929464,93.02141916801725
415,6,-0.007785868031955929,0.4156387467344418,-4.066860497210137,62.09770514890841,0.8992532862845153,49.43162327505217,48.598661151964386,89.43162327505217
416,6,-0.005432392210914696,0.30546053640673093,-4.624484646207178,59.84025043265092,0.7860349911897812,48.21809991704155,47.38513779395377,88.21809991704154
418,6,-0.00491114404721394,0.21071506876048576,0.1242452590341563,45.020172763206006,0.9470556769052534,44.94761606762005,44.114653944532265,84.94761606762005
419,6,-0.0043079116237821164,0.2215569237208074,-2.63848977822042,53.52981892609104,0.9427142397075694,38.72317378261544,37.89021165952766,78.72317378261545
421,6,-0.005425929184813008,0.2596619255452953,-1.1799877939348054,86.41743093791452,0.8418384060377695,51.554082506794835,50.72112038370705,91.55408250679483
422,6,-0.008230085782772723,0.4723088014153713,-7.73501353897353,110.22739870289567,0.8529282517896601,51.15299039558386,50.32002827249608,91.15299039558386
443,6,-3.198154135779336,224.60114824446475,-4419.573090968451,26766.537555172643,0.9893955668455782,99.1410852349863,98.30812311189852,139.1410852349863
444,6,-0.9998367568879355,56.36286653469563,-627.6473967827818,1849.0420417128073,0.989922275955729,92.53194189542342,91.69897977233563,132.53194189542342
446,6,-0.3761170252173082,27.17630923349026,-544.0085953315852,3329.6024799170673,0.9575627272014959,83.29552320665404,82.46256108356626,123.29552320665404
451,6,-0.5223001242073867,35.153069452543875,-631.3457767690153,3480.2519134298177,0.983405822825242,82.68732169470417,81.85435957161638,122.68732169470417
454,6,-0.4323854741850879,31.542083495237065,-645.145139017125,4064.26559441131,0.9615055172583631,83.6689493340585,82.83598721097071,123.6689493340585
459,6,0.0030552152320253,-0.09462198075602206,1.8036671224458827,-1.269294009605631,0.9940367378237758,27.596048908255757,26.763086785167978,67.59604890825575
460,6,8.116320262736353e-05,0.008268265830406345,0.1763309297407067,1.0952778812970794,0.9995124292831571,-0.7813928807644839,-1.614355003852264,39.218607119235514
461,7,0.00016780344965277902,2.2122590029696494e-05,0.21524095382639008,0.32872338328570866,0.9998412072242543,-16.2534226999985,-16.469782103777245,3.7465773000015012
485,8,0.017347776952199218,-0.8485629145399979,15.155133241321614,-73.02703363347075,0.9998054560232527,-10.467531384700898,-10.149765217981555,2.865801948632436
487,8,-0.006285381444354224,0.5751865000839101,-15.705486651915898,150.14135950393987,0.9995832547549647,-7.839736562951309,-7.521970396231966,5.493596770382025
505,7,-0.0077333333333333525,0.3744761904761919,-4.162857142857177,24.91428571428589,0.87129450511621,48.152274870894225,47.93591546711548,68.15227487089422
510,7,0.013575667141445435,-0.8298868609520063,16.01125769303313,2.332065329218512,0.7930933027499673,33.14130655989471,32.92494715611596,53.14130655989471
511,8,0.003156692539453998,-0.38504524713989413,12.326137260344682,-15.91912626622055,0.20782629800838237,63.9483370508986,64.26610321761794,77.28167038423193
514,9,0.005347899256137781,-0.36658614354465296,8.125589455803565,42.49379146654519,0.05429245000847649,49.18794310781086,49.97684141715574,59.18794310781086
515,9,-0.023867965413271557,1.771425081460271,-42.29905850013909,423.72495044407174,0.10794078108608662,77.16983290984756,77.95873121919243,87.16983290984756
518,9,0.0033618257762610534,-0.22542228875398646,4.774860034319256,67.85212064530612,0.22480133412028858,47.37356563162334,48.16246394096822,57.37356563162334
519,9,0.02348133669093258,-1.667964768394098,37.61668905455066,-170.08969757776978,0.5315829420798476,65.53232430155481,66.3212226108997,75.53232430155481
573,12,-0.0013177917309997074,0.08092998613799296,-1.4097312322155797,14.325123840131901,0.2948561413791353,56.64071916824067,58.58034576739267,62.35500488252639
574,12,0.0016213769686629393,-0.15631965224821723,4.701226702878742,-36.36279355041893,0.603566931854358,49.24156711550938,51.18119371466138,54.9558528297951
575,12,0.0005993041071287008,-0.0642559431531893,2.083133365436316,-16.761878187057366,0.24866611399187233,49.499190062328154,51.43881666148015,55.21347577661387
576,12,0.00010344290115656906,-0.06010925947171354,3.079098258607283,-30.879931816629057,0.5399645872719654,58.86350737231547,60.80313397146747,64.57779308660118
577,12,0.007257468082903373,-0.6707241556877366,19.54045225182133,-168.91546649746672,0.5058322902599401,71.75566568357246,73.69529228272447,77.46995139785817
587,6,-1.003537777777686e-06,-0.0008174853809523849,0.022622031253968316,0.13675673199999966,0.948059841176183,-20.561736035813887,-21.39469815890167,19.438263964186113
588,6,-0.00029225942962962865,0.011306816769841192,-0.07526355898147982,0.36847635333332307,0.9192596719395016,-1.7322820994709804,-2.5652442225587606,38.26771790052902
589,6,-0.0006354497088888866,0.028316354195237887,-0.2996641648730116,1.2409151199999764,0.9536913730059946,-0.16118803933050252,-0.9941501624182827,39.838811960669496
590,7,-0.00023839068800000118,0.009082324260952459,-0.03623089635238243,0.2912875405714359,0.8652966507974442,6.6151133410502325,6.3987539372714854,26.615113341050233
591,8,-8.144980825987846e-05,0.0017356918642609507,0.03281870384702627,0.08577206215765219,0.7685088113224572,4.034783823656449,4.352549990375792,17.368117156989783
592,29,-0.00028386419831592617,0.01080130161990537,-0.045462458140593034,0.31444993854117115,0.9277941036600859,-21.294150821696505,-15.824967501750608,-19.627484155029837
593,7,-0.00024867808152272326,0.010853673257183278,-0.09040080428939365,0.5477355152367145,0.9554093173182375,-4.641639335745801,-4.857998739524548,15.3583606642542
594,7,-0.0002532353735412072,0.013669644186135123,-0.17088032398100278,0.7135021012834405,0.979795949762174,-11.854456568671697,-12.070815972450443,8.145543431328303
595,8,-0.0006828446711334155,0.015636890625042598,0.2533963109842284,0.6376168246743652,0.7592115802929593,38.38261663866426,38.700382805383605,51.715949971997595
596,30,-0.0013818456277277225,0.05077508631879263,-0.1496238767063639,1.5137420540218685,0.8363874004393301,104.1091948628785,109.71398438952711,105.70919486287849
597,7,-0.0011682659558880297,0.050941012293635644,-0.41473896709537494,2.553560716409757,0.9505157518372089,18.30056317898744,18.08420377520869,38.30056317898744
598,7,-0.001012205106752814,0.05498339579728449,-0.7011385769710202,2.9537092721313263,0.9702284944817687,9.955470790794305,9.739111387015559,29.955470790794305
601,18,-0.00016311703126791594,0.007385447045923623,0.0474739652999929,-0.2657074742775807,0.9859100748492506,-21.93800092587824,-18.37651389429358,-18.861077848955162
602,18,-0.00014375243550051594,0.005684951306114574,0.0773684059455608,-0.4142634603560127,0.9871023730681674,-28.30367452573367,-24.74218749414901,-25.226751448810592
603,19,-0.00018640524366588847,0.013713391665056574,-0.20642827406240832,1.4165291632927826,0.9977354536999361,-54.03845239744821,-50.26069648078245,-51.18130954030536
604,18,-8.767305561747036e-05,0.006850508409249149,-0.11842000997923428,0.8172711673708697,0.9963442054837586,-68.41396037478252,-64.85247334319786,-65.33703729785944
615,6,-0.0030314870370370312,0.14785267444444375,-1.7389601232804073,11.549616066666568,0.8881252794543281,26.510756315448994,25.677794192361212,66.51075631544899
616,6,-0.000568175111111109,0.045208196190475954,-0.506881641269836,5.999888999999973,0.9865258732894314,18.57247591409514,17.73951379100736,58.572475914095136
617,6,-0.0024299145555555578,0.03470909333333341,0.8477009329365077,5.301039011904774,0.7932373449532378,36.522552485862036,35.689590362774254,76.52255248586204
618,6,-0.004024835148148146,0.07324898126984127,0.9771605842592598,4.63277246269843,0.9971370903992794,13.840168846544575,13.007206723456797,53.84016884654457
619,6,-0.004680400592592583,0.06558157650793625,0.8764979513227533,14.263918936507947,0.9948287624120725,19.618742640620983,18.785780517533205,59.61874264062098
621,6,0.0030820276296296355,-0.13394061111111144,2.8416352838624404,22.157216817460334,0.9944523376018752,25.159338953701607,24.326376830613825,65.1593389537016
622,6,-0.0011659451111111115,-0.031190486190476412,2.5394907301587364,16.87084766666668,0.9975419189158543,18.910506839582837,18.07754471649506,58.91050683958284
623,6,-0.0003001436296296303,-0.04907301603174614,1.954890066137569,12.010056111111135,0.9872026524770711,22.48520894555278,21.652246822465003,62.485208945552785
624,6,-0.0025089834074074058,0.08387560634920639,-0.30947426560846636,5.645537920634929,0.9656766071783054,19.326066033349463,18.493103910261684,59.32606603334946
625,6,-0.0035420219185185137,0.10732336458730153,-0.13332640973545015,6.09342983015874,0.9862166712743834,19.042298515659986,18.209336392572208,59.042298515659986
626,6,-0.0033176117407407403,0.10569746206349218,-0.26121635727513354,7.047847327777784,0.9914818679297233,14.857078607158126,14.024116484070346,54.85707860715813
637,11,0.0013887984516574438,-0.12083981035725161,3.115961354950479,-14.946052421990396,0.9899862218533806,0.4559227357365465,2.047503826930029,7.1225894024032135
638,7,-0.00011324319372584052,-0.010259067977250904,0.682024378058946,-0.011946139597890384,0.9607549035404891,7.239908578643114,7.023549174864367,27.239908578643114
644,6,-0.001982437148148092,0.10403705085713894,-1.269886359867639,4.556616638094659,0.7602837421392576,30.614569540550463,29.78160741746268,70.61456954055046
645,6,-0.0006131116666666618,0.03064503028571392,-0.49911616547618337,5.318559499999963,0.5485296298330631,20.396822916498742,19.56386079341096,60.39682291649874
646,6,-0.0007830100592592552,0.031895523396825075,-0.007096617248671083,4.421052266666631,0.9914230447885476,9.856773463508436,9.023811340420655,49.85677346350843
650,6,4.173279778920814e-05,-0.008302062560794616,0.35906195060148005,-1.74231831851326,0.9978975082225324,-26.569303806212496,-27.402265929300277,13.430696193787504
652,8,-8.383107427122471e-05,0.0035847162105729705,0.009590649314989465,1.1241526126656933,0.9941762643199279,-13.550060130110744,-13.2322939633914,-0.2167267967774098
653,14,-0.00014601743628582333,0.00760135543984707,-0.011153104340159944,-0.006906861379733494,0.9912186856974348,-27.952297929030195,-25.39606861056916,-23.507853484585752
654,25,-0.00011771135874633162,0.00794067043046389,-0.0953581601473397,0.9239248169411528,0.9437390442416764,-22.826463691319983,-17.950960391847183,-20.826463691319983
658,15,-0.0001905538554737574,0.008349395437360012,0.1007827897324322,-0.206063328270567,0.9330799273769335,20.935257212384617,23.767458016793455,24.935257212384617
659,15,-0.0005604505839648866,0.04648961429523203,-1.0477906924366,9.34000201771956,0.9864927747578195,-3.7676556946109017,-0.9354548902020614,0.23234430538909834
660,13,-0.0006651016726858379,0.06271640058529221,-1.7187364794380422,16.744156287981266,0.9735477841452536,9.114185620178095,11.373983050024243,14.114185620178095
661,6,-0.009559890838709393,0.5498130270967576,-8.72092259354809,50.97916912903055,0.9141799181160595,36.83824616870648,36.0052840456187,76.83824616870649
662,6,-0.0014468958279570082,0.061674462903226986,0.32532811021503155,5.371796870967871,0.9677078740908993,29.02839742876671,28.195435305678927,69.02839742876671
663,8,-0.0005955374358032247,0.040567654351756265,-0.7782406167710458,7.2522580304983615,0.9856616610514867,2.2883357549104453,2.6061019216297883,15.62166908824378
665,6,-0.00010341675521070029,0.0012082847764779965,0.15290096321879673,1.4440551733163276,0.9993074544182063,-21.004773735801606,-21.83773585888939,18.995226264198394
666,6,0.00014619387537422986,-0.019593266742766638,0.7125595475394796,-4.0720503341651755,0.9978450968403162,-21.799045933111493,-22.632008056199275,18.200954066888507
667,8,-6.048513681966502e-05,-0.0003727810470557142,0.12798309134324803,1.173409946856526,0.9904076167460899,-8.156633284272687,-7.8388671175533435,5.176700049060647
669,19,-0.00035512114909929315,0.018222940545032568,-0.07290368019433542,-0.6214286691459602,0.8553332315846239,39.116994809778234,42.894750726443995,41.97413766692109
670,17,-0.0008176246149072023,0.025958207851535846,0.27707655908079326,-2.8048234592183032,0.6666652506848999,79.57309425548014,82.905947631705,82.90642758881347
671,7,-0.01066943109910171,0.6455170369845655,-8.957921104836316,78.82905309454635,0.9667461420476069,47.12274113847833,46.906381734699586,67.12274113847833
672,10,-0.008614604067853202,0.6178851270300051,-10.73116003144531,90.14097358760391,0.9794560176908996,61.78212495529482,62.992465327271006,69.78212495529482
673,7,-0.00021018315972223212,-0.011169699404761316,0.9509870496031648,9.956191857142915,0.6530264145287517,30.898558880768995,30.68219947699025,50.898558880768995
674,7,0.0017865546874999741,-0.16619462946428495,4.9441027321428725,-20.007490142857446,0.9773082266152638,18.80235494571707,18.585995541938324,38.80235494571707
675,7,-0.0002101835937500299,-0.04566970758928401,3.1809678749999737,-17.22875171428559,0.8837315598349144,40.46688237040223,40.250522966623485,60.46688237040223
677,7,0.0006275095486110697,-0.09574005654761676,3.6818690198412383,-6.712553714285617,0.7739974157260413,38.41625836054339,38.19989895676464,58.41625836054339
678,7,0.005124662326388813,-0.45324131919642596,12.78661779265875,-74.39468845238169,0.9470211634141678,35.27190118599995,35.0555417822212,55.27190118599995
679,7,-0.0016733606770833688,0.03361665848214536,2.6368557261904204,-18.121047285713875,0.8771616916080642,49.09401626417811,48.87765686039936,69.09401626417811
681,12,-6.097969526730852e-05,-0.009110321748692486,0.6488556187874547,-2.2492498005976564,0.9777843134253179,6.091320237366583,8.030946836518584,11.805605951652296
682,11,-0.0002540798247776519,0.013953227239704798,-0.03169854620029222,-1.0859883118055802,0.9871684753549337,-12.939329151128156,-11.347748059934673,-6.272662484461489
684,6,-0.00016882569480253297,0.010242792494750217,-0.16694319750124334,2.7181867875942642,0.9990803896685109,-22.377993452500498,-23.21095557558828,17.622006547499502
686,6,0.00012935014194061117,-0.016799553759064088,0.6176344785459686,-4.199556268804559,0.9983173640994728,-20.696178852080614,-21.529140975168396,19.303821147919386
689,9,-0.2664083265389274,4.420478754799299,374.49237882035857,-3733.219264164996,0.9879430665437116,126.55089848702252,127.3397967963674,136.55089848702252
690,6,0.39456702608696576,-38.13642117598428,1035.120572505199,-6201.096870372862,0.9976451652954142,70.0816710646773,69.24870894158951,110.0816710646773
691,7,-0.00682807244444446,0.16869295619047728,3.692693306349185,6.813081142857243,0.9970115897773073,33.59829202914369,33.38193262536494,53.59829202914369
692,7,-0.0040587197777778175,-0.05075193952380708,7.126433368253924,9.090270000000233,0.9402241243747191,56.240322664022614,56.02396326024387,76.24032266402261
693,7,0.006013579555555547,-0.4683691247619045,9.790925373015874,37.618715,0.9364293858112288,46.099875389675034,45.88351598589629,66.09987538967503
694,7,0.005556063333333337,-0.4672432690476195,10.249006857142872,29.7615685714285,0.9722480922603581,42.51624034862301,42.29988094484426,62.51624034862301
695,9,-0.00013781558344265062,-0.00840412002597203,0.6426225580177506,-2.6928867341902265,0.9422162350113334,18.666646766017443,19.455545075362323,28.666646766017443
696,8,-0.09373332272347354,9.293136798949714,-285.82133206060297,2937.865825091634,0.9905857535657616,66.51102533748728,66.82879150420662,79.84435867082061
697,9,-0.16236861076891018,19.4159538728059,-762.5270377837322,10012.77111424171,0.969578283024411,76.62795932637759,77.41685763572247,86.62795932637759
743,10,-0.0022447319751122525,0.03799796269681734,2.83104247499787,-0.000560703469865306,0.9458394670313647,66.26939283544678,67.47973320742297,74.26939283544678
744,15,-0.0072276646309688206,0.3137271697296799,-3.6777770686058875,28.81391971471404,0.5761815858806433,93.83957135388047,96.67177215828931,97.83957135388047
745,16,0.0009280233396185424,-0.06768094491079381,2.9838470513735103,2.117258813536013,0.9336185677518849,101.48662489228846,104.57697978124759,105.1229885286521
746,15,3.216556627763995e-07,-0.055526253980678154,2.646437456567756,0.07886861819028958,0.9356114187206968,68.36939103007037,71.20159183447922,72.36939103007037
747,6,0.0021508692666666433,-0.17219073671428392,4.170913477619003,-22.501181828571053,0.9862591954550863,9.285814798226799,8.452852675139017,49.285814798226795
748,6,0.0005691124444444308,-0.062405179999998985,1.772206403174579,-3.8245665714283885,0.9931265313715969,3.8188620869067034,2.985899963818923,43.818862086906705
749,6,0.0007616375555555467,-0.0701284028571422,1.8968185896825243,-4.239798571428449,0.9856782266945036,3.921226952384817,3.088264829297037,43.921226952384814
750,6,0.0003610085851851761,-0.037465237857142175,1.2096236889417828,-3.365076504761786,0.9992137598759987,-12.685791199021615,-13.518753322109395,27.314208800978385
751,6,6.695600740739856e-05,-0.02207564442857077,0.9211932076719428,-3.5216581619046585,0.9980026957483894,-8.66251625052854,-9.49547837361632,31.33748374947146
752,6,0.0006195563703703594,-0.059640858571427736,1.6710781550264346,-4.230983523809362,0.9973213981332585,-6.904275364353621,-7.737237487441401,33.09572463564638
753,6,-0.0001234517185185159,-0.004407923571428732,0.5027663679629659,0.2605646476190327,0.9927207041604464,-0.5215396886026884,-1.3545018116904686,39.47846031139731
754,6,0.0005523902222222435,-0.09721153380952603,4.1813925753969015,-35.37177702381031,0.999381504058808,-1.1717595786275812,-2.0047217017153613,38.82824042137242
755,7,-0.0007321085999999769,0.024352527999997407,0.8098403350000937,-7.608840185715364,0.9953352566988486,16.17705764031705,15.960698236538303,36.177057640317045
756,6,-0.0011788970159774563,0.050223039091314474,0.6926965608806042,1.9779210644888534,0.9900481844830266,28.92337154768485,28.09040942459707,68.92337154768485
757,6,-0.0013658925072463767,0.05107349131469983,0.4082247040372656,2.8758623229813747,0.9910113493192259,21.940228589031307,21.107266465943525,61.94022858903131
758,7,-0.0011168537390933513,0.05105839762212909,0.2571926472950005,2.649848904504111,0.99629895824657,20.56072285879151,20.344363455012765,40.56072285879151
759,6,-2.954105491559332e-05,-0.05164614555935238,2.627031790749766,-5.244388116937374,0.9698154131344034,27.835674866785652,27.00271274369787,67.83567486678565
760,7,-0.0006472385888888902,-0.010402066980952265,0.8583140299126968,11.19629302904763,0.9758738509004464,21.313492532833486,21.097133129054736,41.313492532833486
761,6,0.0015471272592592238,-0.14241227142856885,3.940448318518459,-14.075842780951945,0.9861002929421578,12.636070057426892,11.803107934339112,52.63607005742689
763,8,0.0006138971644444416,-0.06747380950476166,1.6436119822222173,10.070667620000009,0.9970534451606273,8.66133430930185,8.979100476021195,21.994667642635186
764,6,-0.0015515412948148243,0.061660660371429137,0.18778299565607423,-0.8357930990475759,0.9848655595691655,19.9155395243898,19.08257740130202,59.9155395243898
766,7,0.0009626921917543224,-0.08840511267394789,1.7411442501113872,1.5759070959213624,0.9122456763248523,32.21337949258392,31.997020088805172,52.21337949258392
767,6,7.735330415323994e-05,-0.028785417866754582,1.2322582088595289,-0.7865163798892524,0.9364804111520857,18.614572702525457,17.781610579437675,58.61457270252546
768,7,7.50057954962528e-05,-0.02477284146098241,1.1365970311473643,5.517045033916278,0.9163751218582992,23.83532828450725,23.618968880728502,43.83532828450725
770,7,-0.0012309313223465902,0.01786569217251459,0.7746727363958231,4.1057539408012875,0.9317348194486136,32.271370088727515,32.05501068494877,52.271370088727515
771,6,0.00043109925925923897,-0.06744766571428427,2.5859727328042004,-11.062799095237851,0.9937826532061644,10.791896288780435,9.958934165692657,50.791896288780435
772,6,-0.0008150395328356531,0.045080679394094984,-0.5268230825905237,15.128033693561395,0.9977706967693903,-4.949879309803853,-5.782841432891633,35.050120690196145
774,6,0.0011049817037036992,-0.09501895158730117,1.853646956613748,0.7238403333333782,0.9650814537336989,22.443236199454578,21.6102740763668,62.443236199454574
775,6,0.00012543874074074117,-0.029037411746031704,1.035553372751321,8.52027066666668,0.9998546424263991,-18.286191193267122,-19.119153316354904,21.713808806732878
776,6,-0.0002687982962962961,0.0026948484126983487,0.3078051137566155,8.752773333333321,0.9828868555822218,5.508621742013355,4.675659618925575,45.508621742013354
777,6,0.0008138959259259183,-0.07678025539682483,2.0536785534391426,4.2573883333333855,0.9846338490792744,14.581336077901717,13.748373954813935,54.58133607790172
778,8,0.0011220770505050565,-0.11559181233766279,3.166667307287165,-4.264291571428584,0.978662970355046,27.171616265382504,27.48938243210185,40.50494959871584
779,8,-0.0016591670000000015,0.08328074642857161,-0.3054488023809563,4.492462642857192,0.9686684828439494,36.87715246044078,37.19491862716013,50.21048579377412
780,8,-0.00057603572929293,0.026506264632034718,0.2199108354401136,1.5114699428571585,0.9940935210344736,17.08253255518936,17.400298721908705,30.415865888522696
781,8,-0.0010387148177823497,0.057617461731747914,-0.554574425305798,8.362325661800067,0.9546384692474424,20.818929924754055,21.136696091473397,34.15226325808739
782,10,-0.0004982072431528763,0.02358556776711536,-0.11684657879696657,4.101496652066855,0.7922663142464567,29.426883993136567,30.63722436511275,37.42688399313657
783,10,-0.0003427077182377077,-0.01281222760954948,1.6714039640606158,-10.329949574327909,0.8741848340059313,38.32148862661916,39.531828998595344,46.32148862661916
784,8,0.0007378287889425427,-0.08306547914243134,2.7107113334400927,-15.827061582031243,0.9691983855494148,14.531180421771982,14.848946588491325,27.864513755105314
785,12,8.038779372668671e-05,-0.041983273761212525,2.1632643013301043,-14.133384903620204,0.9953192876132892,6.301426777414701,8.241053376566702,12.015712491700416
786,11,0.0004994489473083152,-0.057663382016608374,1.859863045524419,-8.641478096610088,0.9023988184435076,27.141252648263787,28.73283373945727,33.80791931493045
787,10,2.462808697228335e-05,-0.042130971899594416,2.2887967689051134,-12.648782255201025,0.9821614311232401,21.669959576072703,22.880299948048886,29.669959576072703
788,9,0.00029834351227639265,-0.039834541715568196,1.4211789501911132,-2.7870967414162826,0.8713883301337151,21.878183709576202,22.66708201892108,31.878183709576202
789,6,-0.001747718814814809,0.06686910920634875,0.2803158878306969,1.9516906666666078,0.9970509145405355,15.430488619061716,14.597526495973936,55.43048861906172
790,6,-0.003877615814814808,0.1612973999206342,-0.9897394050264385,7.826084666666563,0.9991739131829369,5.94892342683165,5.11596130374387,45.94892342683165
791,6,-0.0034567902592592425,0.14707154753968124,-1.0415765629629372,8.88888866666654,0.9773890198374391,23.592438838254985,22.759476715167203,63.592438838254985
792,6,-0.0019624261481481376,0.05975615492063418,0.19049142830689267,4.830918666666585,0.9584021229295691,23.027681803667033,22.194719680579254,63.027681803667036
793,7,-0.000464065903498655,0.0029911155346844832,0.46155615413714496,2.348751624196741,0.9662904250006467,21.68043991166884,21.464080507890095,41.68043991166884
794,7,-0.0006425078916570553,0.002914883615093081,0.7269308238707644,3.8120710983440507,0.9942631265509739,15.550714847802773,15.334355444024025,35.55071484780277
795,7,-0.0009933544342945026,0.019602991300214204,0.6297715050664577,2.475536806071847,0.9940837607001619,17.20184801108624,16.985488607307495,37.20184801108624
796,10,-0.0007671314862790542,0.03147978162643628,0.7411497276024696,-0.634977226886748,0.994301738003703,29.14299497016826,30.353335342144444,37.14299497016826
797,12,-0.0016869090439845247,0.09893353525439788,-0.61804340657889,6.450634689337826,0.9939712060796757,37.49489368389422,39.43452028304622,43.209179398179934
798,9,-0.0008939736475648593,0.02498999875371694,0.8586687248119178,-1.7557343294408014,0.9968165467992387,14.981466080936375,15.770364390281252,24.981466080936375
804,11,-0.001058896738035616,0.044151193602693116,-0.09449617217042157,8.642615925408027,0.9650621665517783,26.152457589937395,27.744038681130878,32.81912425660406
805,11,-0.00014410415407638976,-0.02788907161357105,1.470235807239054,2.4827251561771453,0.9851394522950497,21.495363207511566,23.08694429870505,28.162029874178234
806,11,-9.477700077701442e-05,-0.02744706280756218,1.3244880718725667,4.222043783216781,0.9753468586232554,26.18090876429688,27.772489855490363,32.847575430963545
807,11,0.00014151959049179644,-0.04002484686609612,1.4232550088060036,5.142161627039597,0.9905886336486981,15.780678617545668,17.37225970873915,22.447345284212336
808,11,-0.00015897804253360546,-0.019499140701890433,0.99790361026936,5.582939172960366,0.9914763132790456,15.441184763357299,17.03276585455078,22.107851430023967
809,11,-0.0011664672652450256,0.07020538882413815,-0.6547608142320669,12.948643801864977,0.9907191418010809,25.42482702821172,27.016408119405202,32.09149369487839
810,11,-0.0027161931422486473,0.16865780808080583,-2.234214387593882,25.348169407925703,0.9930648126106609,30.870599921217973,32.462181012411456,37.53726658788464
811,11,-0.0029781496158162294,0.18457381546231327,-2.5903476103341103,28.955385258741646,0.9893282447990478,33.69842686515602,35.290007956349505,40.36509353182269
812,11,-0.0021960212524100996,0.13562290391090204,-1.6895682407407333,24.330643918415173,0.9870001089689563,35.71214813010301,37.30372922129649,42.378814796769674
813,11,-0.002866700818728542,0.17139625796425542,-2.270012781209518,27.09316945920772,0.9857276905031358,34.57216712826421,36.163748219457695,41.238833794930876
814,17,0.00034356623129515025,-0.061221168195304466,2.2156647929824564,-7.926731517647051,0.9318223813912737,53.3464788210384,56.679332197263264,56.67981215437174
815,15,0.0002925447005404666,-0.040670341286899475,1.2434306237323272,-2.15472868544833,0.8913174342071075,34.948767897502336,37.78096870191118,38.948767897502336
816,17,0.0008974299643102831,-0.11399781688596472,3.758936935199513,-13.948188590299214,0.9483951298500338,58.09850229511173,61.43135567133659,61.431835628445064
817,17,-0.00014976958634331029,-0.030904158120484953,1.6727261163355673,4.51764454850364,0.970722533419857,43.04657890925917,46.37943228548403,46.3799122425925
818,8,0.0004470725050505068,-0.054386289090909215,1.6549140847763364,2.3875092857142857,0.9760663200905486,19.609781124655097,19.927547291374438,32.94311445798843
819,9,9.510852525250343e-06,-0.02894843909956697,1.5611023303318885,-2.5417057428571277,0.9724070657090347,30.46899555873385,31.25789386807873,40.46899555873385
820,8,0.0010539822727272752,-0.09444712614718634,2.4988956457792235,-4.838430071428589,0.9885841609170495,15.07136707738183,15.389133244101172,28.404700410715165
821,9,0.00044458042962962786,-0.051558868092351995,1.6895954116546408,-1.9611382682539544,0.9791573439890892,20.216106710808635,21.00500502015351,30.216106710808635
822,8,-4.611973737372494e-06,-0.022101867225108287,1.046822096551227,1.1980333142857278,0.9330755745088399,27.01693677062943,27.334702937348773,40.350270103962764
823,8,0.00014310581818181769,-0.019719332251082203,0.7208546647186131,2.3246302857142984,0.9061405546667161,21.14429029433483,21.462056461054175,34.477623627668166
824,8,2.566583838384062e-05,-0.034731378138528265,1.5884574966810985,-1.746354214285712,0.9834679130421117,21.651553391703942,21.969319558423283,34.98488672503728
825,9,-4.6232946127946815e-05,-0.013665914040404006,0.842819320117845,-0.4922641111111121,0.9747324868970361,20.00912830418036,20.798026613525238,30.00912830418036
826,7,5.734777777777651e-05,-0.03732719238095225,1.7962621579365055,3.686636142857165,0.9654579094878497,28.563718303525548,28.3473588997468,48.56371830352555
827,9,-0.0010092322626262607,0.03491040575757557,0.6492449020202061,3.4982091666666206,0.9804755378773375,34.569542856347695,35.358441165692575,44.569542856347695
828,8,-0.0003503581414141392,-0.011867075454545585,1.3189899000721519,2.949817214285716,0.9771817329603312,26.838441836151077,27.15620800287042,40.17177516948441
829,8,0.00012977424444444565,-0.03717803700000004,1.693944496984127,-0.2313369571428479,0.9922946410489324,17.26385905877803,17.581625225497376,30.597192392111367
830,7,-0.0010872797777777793,0.04071126476190492,0.16064094682539282,8.524559714285747,0.9982038767289702,3.9597552894161048,3.7433958856373577,23.959755289416105
831,8,-0.0005542005656565651,0.01956533437229436,0.16121597647907623,8.067020071428583,0.9896600016732964,9.419661802989054,9.737427969708397,22.75299513632239
832,7,-0.0012875911111111119,0.03823040619047628,0.7026685373015853,4.046643285714303,0.9925345527996674,20.21922218117207,20.002862777393325,40.21922218117207
833,8,-0.0012199828888888908,0.05199948880952396,-0.008572490873018748,3.926856678571462,0.9923045480805244,17.33281744922604,17.650583615945383,30.666150782559377
842,14,-9.067105292657583e-06,-0.0010141229988251269,0.05147070251627079,0.4787100667499911,0.8473734601614737,-23.253358747517648,-20.697129429056616,-18.808914303073202
843,14,-8.373847564051377e-06,-0.0023980566542150237,0.15536144822875295,0.41849203583521866,0.9784706428454322,-15.268288331606843,-12.71205901314581,-10.823843887162399
844,14,-5.3416437868646274e-05,0.0002743559250257528,0.09828023142497058,0.2070649159543913,0.9657423033871075,-15.03217032188692,-12.475941003425886,-10.587725877442475
845,14,-8.630516925828649e-05,-0.0019140773620767945,0.22639589887859957,0.006075427175063515,0.9470013337384118,8.154184475350888,10.710413793811924,12.598628919795333
846,14,-0.00028366237624051976,0.005488553021036352,0.4042737943430501,0.09949145002614204,0.9807820656133497,27.519323406278588,30.075552724739623,31.96376785072303
900,6,-1.834125925925948e-05,-0.005925024285714263,0.1319896529100525,11.782933666666665,0.9968282122764277,-2.7981350321294354,-3.6310971552172155,37.20186496787056
901,6,-0.0013446214814814676,0.08486108142857038,-1.453259355820081,16.11438409523789,0.9865851440339354,5.862094193633526,5.029132070545746,45.862094193633524
